0.003076923077083521,2000,934
0.006703351675998938,2000,934
0.010329780274914355,2000,935
0.013956208873829772,2000,936
0.01758263747274519,2000,936
0.021209066071660607,2000,937
0.024835494670576025,2000,938
0.02846192326949144,2000,938
0.032088351868406854,2000,939
0.03571478046732227,2000,940
0.03934120906623769,2000,940
0.04296763766515311,2000,940
0.04659406626406853,2000,941
0.050220494862983946,2000,941
0.05384692346189936,2000,942
0.057473352060814775,2000,942
0.06109978065973019,2000,943
0.06472620925864561,2000,943
0.06835263785756102,2000,944
0.07197906645647643,2000,944
0.07560549505539185,2000,945
0.07923192365430727,2000,946
0.08285835225322269,2000,947
0.08648478085213811,2000,948
0.09011120945105353,2000,949
0.09373763804996894,2000,950
0.09736406664888436,2000,951
0.10099049524779977,2000,952
0.10461692384671518,2000,953
0.1082433524456306,2000,954
0.11186978104454602,2000,955
0.11549620964346144,2000,956
0.11912263824237686,2000,957
0.12274906684129228,2000,958
0.1263754954402077,2000,959
0.1300019240391231,2000,960
0.13362835263803852,2000,961
0.13725478123695395,2000,961
0.14088120983586935,2000,962
0.14450763843478479,2000,963
0.1481340670337002,2000,963
0.15176049563261562,2000,964
0.15538692423153103,2000,965
0.15901335283044643,2000,965
0.16263978142936186,2000,966
0.16626621002827727,2000,967
0.1698926386271927,2000,967
0.1735190672261081,2000,968
0.17714549582502354,2000,968
0.18077192442393894,2000,969
0.18439835302285437,2000,970
0.18802478162176978,2000,970
0.1916512102206852,2000,971
0.1952776388196006,2000,972
0.19890406741851602,2000,972
0.20253049601743145,2000,973
0.20615692461634685,2000,974
0.20978335321526229,2000,974
0.2134097818141777,2000,975
0.21703621041309312,2000,976
0.22066263901200853,2000,976
0.22428906761092396,2000,977
0.22791549620983936,2000,977
0.2315419248087548,2000,978
0.2351683534076702,2000,979
0.2387947820065856,2000,980
0.24242121060550104,2000,980
0.24604763920441644,2000,981
0.24967406780333187,2000,982
0.2533004964022473,2000,983
0.2569269250011627,2000,983
0.26055335360007814,2000,984
0.2641797821989935,2000,985
0.26780621079790895,2000,985
0.2714326393968244,2000,986
0.27505906799573976,2000,987
0.2786854965946552,2000,987
0.2823119251935706,2000,988
0.28593835379248606,2000,988
0.28956478239140143,2000,989
0.29319121099031686,2000,989
0.2968176395892323,2000,990
0.30044406818814773,2000,991
0.3040704967870631,2000,991
0.30769692538597854,2000,991
0.31132335398489397,2000,991
0.31494978258380935,2000,991
0.3185762111827248,2000,991
0.3222026397816402,2000,991
0.32582906838055564,2000,991
0.329455496979471,2000,991
0.33308192557838645,2000,991
0.3367083541773019,2000,992
0.3403347827762173,2000,994
0.3439612113751327,2000,995
0.3475876399740481,2000,997
0.35121406857296356,2000,999
0.35484049717187893,2000,1000
0.35846692577079436,2000,1002
0.3620933543697098,2000,1003
0.36571978296862523,2000,1005
0.3693462115675406,2000,1006
0.37297264016645604,2000,1007
0.37659906876537147,2000,1006
0.3802254973642869,2000,1004
0.3838519259632023,2000,1003
0.3874783545621177,2000,1002
0.39110478316103314,2000,1000
0.3947312117599485,2000,999
0.39835764035886395,2000,998
0.4019840689577794,2000,996
0.4056104975566948,2000,997
0.4092369261556102,2000,1000
0.4128633547545256,2000,1003
0.41648978335344106,2000,1007
0.4201162119523565,2000,1010
0.42374264055127187,2000,1013
0.4273690691501873,2000,1016
0.43099549774910273,2000,1020
0.4346219263480181,2000,1023
0.43824835494693354,2000,1024
0.44187478354584897,2000,1024
0.4455012121447644,2000,1024
0.4491276407436798,2000,1024
0.4527540693425952,2000,1024
0.45638049794151064,2000,1024
0.4600069265404261,2000,1024
0.46363335513934145,2000,1024
0.4672597837382569,2000,1023
0.4708862123371723,2000,1023
0.4745126409360877,2000,1023
0.4781390695350031,2000,1023
0.48176549813391856,2000,1023
0.485391926732834,2000,1023
0.48901835533174937,2000,1023
0.4926447839306648,2000,1023
0.49627121252958023,2000,1023
0.49989764112849566,2000,1023
0.503524069727411,2000,1024
0.5071504983263264,2000,1024
0.5107769269252419,2000,1025
0.5144033555241573,2000,1025
0.5180297841230728,2000,1026
0.5216562127219881,2000,1026
0.5252826413209035,2000,1027
0.528909069919819,2000,1028
0.5325354985187344,2000,1029
0.5361619271176498,2000,1030
0.5397883557165652,2000,1031
0.5434147843154806,2000,1032
0.547041212914396,2000,1033
0.5506676415133115,2000,1034
0.5542940701122269,2000,1036
0.5579204987111424,2000,1037
0.5615469273100577,2000,1038
0.5651733559089731,2000,1039
0.5687997845078886,2000,1041
0.572426213106804,2000,1042
0.5760526417057193,2000,1044
0.5796790703046348,2000,1045
0.5833054989035502,2000,1047
0.5869319275024656,2000,1049
0.5905583561013811,2000,1050
0.5941847847002965,2000,1052
0.5978112132992119,2000,1054
0.6014376418981273,2000,1055
0.6050640704970427,2000,1057
0.6086904990959582,2000,1058
0.6123169276948736,2000,1059
0.6159433562937889,2000,1060
0.6195697848927044,2000,1061
0.6231962134916198,2000,1062
0.6268226420905352,2000,1063
0.6304490706894507,2000,1064
0.634075499288366,2000,1065
0.6377019278872815,2000,1066
0.6413283564861969,2000,1067
0.6449547850851123,2000,1068
0.6485812136840278,2000,1069
0.6522076422829431,2000,1070
0.6558340708818585,2000,1070
0.659460499480774,2000,1071
0.6630869280796894,2000,1072
0.6667133566786048,2000,1073
0.6703397852775203,2000,1074
0.6739662138764356,2000,1075
0.6775926424753511,2000,1076
0.6812190710742665,2000,1077
0.6848454996731819,2000,1079
0.6884719282720974,2000,1080
0.6920983568710127,2000,1081
0.6957247854699281,2000,1082
0.6993512140688436,2000,1084
0.702977642667759,2000,1085
0.7066040712666743,2000,1086
0.7102304998655898,2000,1087
0.7138569284645052,2000,1089
0.7174833570634207,2000,1089
0.7211097856623361,2000,1089
0.7247362142612515,2000,1088
0.7283626428601669,2000,1088
0.7319890714590823,2000,1088
0.7356155000579977,2000,1087
0.7392419286569132,2000,1087
0.7428683572558286,2000,1087
0.7464947858547439,2000,1087
0.7501212144536594,2000,1087
0.7537476430525748,2000,1088
0.7573740716514903,2000,1088
0.7610005002504057,2000,1088
0.764626928849321,2000,1089
0.7682533574482365,2000,1089
0.7718797860471519,2000,1089
0.7755062146460673,2000,1090
0.7791326432449828,2000,1090
0.7827590718438981,2000,1090
0.7863855004428135,2000,1090
0.790011929041729,2000,1091
0.7936383576406444,2000,1091
0.7972647862395599,2000,1091
0.8008912148384753,2000,1091
0.8045176434373906,2000,1092
0.8081440720363061,2000,1093
0.8117705006352215,2000,1095
0.8153969292341369,2000,1096
0.8190233578330524,2000,1097
0.8226497864319677,2000,1099
0.8262762150308831,2000,1100
0.8299026436297986,2000,1102
0.833529072228714,2000,1103
0.8371555008276295,2000,1105
0.8407819294265448,2000,1106
0.8444083580254602,2000,1108
0.8480347866243757,2000,1109
0.8516612152232911,2000,1111
0.8552876438222065,2000,1112
0.8589140724211219,2000,1114
0.8625405010200373,2000,1115
0.8661669296189527,2000,1116
0.8697933582178682,2000,1118
0.8734197868167836,2000,1119
0.877046215415699,2000,1121
0.8806726440146144,2000,1121
0.8842990726135298,2000,1121
0.8879255012124453,2000,1121
0.8915519298113607,2000,1122
0.895178358410276,2000,1122
0.8988047870091915,2000,1122
0.9024312156081069,2000,1123
0.9060576442070223,2000,1123
0.9096840728059378,2000,1123
0.9133105014048531,2000,1123
0.9169369300037686,2000,1124
0.920563358602684,2000,1124
0.9241897872015994,2000,1124
0.9278162158005149,2000,1125
0.9314426443994303,2000,1125
0.9350690729983456,2000,1125
0.9386955015972611,2000,1125
0.9423219301961765,2000,1126
0.9459483587950919,2000,1126
0.9495747873940074,2000,1127
0.9532012159929227,2000,1127
0.9568276445918382,2000,1128
0.9604540731907536,2000,1128
0.964080501789669,2000,1128
0.9677069303885845,2000,1129
0.9713333589874998,2000,1129
0.9749597875864152,2000,1130
0.9785862161853307,2000,1130
0.9822126447842461,2000,1131
0.9858390733831615,2000,1131
0.989465501982077,2000,1131
0.9930919305809923,2000,1131
0.9967183591799078,2000,1131
1.0003447877788232,2000,1131
1.0039712163777386,2000,1131
1.007597644976654,2000,1130
1.0112240735755693,2000,1130
1.014850502174485,2000,1130
1.0184769307734003,2000,1130
1.0221033593723157,2000,1131
1.025729787971231,2000,1134
1.0293562165701464,2000,1137
1.032982645169062,2000,1140
1.0366090737679774,2000,1142
1.0402355023668928,2000,1145
1.0438619309658081,2000,1148
1.0474883595647235,2000,1150
1.051114788163639,2000,1152
1.0547412167625545,2000,1154
1.0583676453614699,2000,1156
1.0619940739603853,2000,1158
1.0656205025593006,2000,1160
1.069246931158216,2000,1162
1.0728733597571316,2000,1164
1.076499788356047,2000,1166
1.0801262169549624,2000,1167
1.0837526455538777,2000,1168
1.0873790741527931,2000,1169
1.0910055027517085,2000,1170
1.094631931350624,2000,1171
1.0982583599495395,2000,1172
1.1018847885484548,2000,1173
1.1055112171473702,2000,1174
1.1091376457462856,2000,1175
1.1127640743452012,2000,1176
1.1163905029441166,1995,1177
1.120016931543032,1902,1178
1.1236433601419473,1810,1179
1.1272697887408627,1718,1180
1.130896217339778,1625,1182
1.1345226459386937,1533,1183
1.138149074537609,1441,1184
1.1417755031365244,1348,1186
1.1454019317354398,1256,1187
1.1490283603343552,1164,1188
1.1526547889332708,1071,1190
1.1562812175321862,979,1191
1.1599076461311015,887,1192
1.163534074730017,794,1193
1.1671605033289323,702,1195
1.1707869319278477,610,1196
1.1744133605267633,672,1196
1.1780397891256786,834,1196
1.181666217724594,995,1196
1.1852926463235094,1157,1195
1.1889190749224248,1318,1195
1.1925455035213404,1480,1195
1.1961719321202557,1642,1194
1.1997983607191711,1803,1194
1.2034247893180865,1965,1194
1.2070512179170019,2000,1197
1.2106776465159172,2000,1201
1.2143040751148328,2000,1204
1.2179305037137482,2000,1208
1.2215569323126636,2000,1212
1.225183360911579,2000,1216
1.2288097895104944,2000,1220
1.23243621810941,2000,1220
1.2360626467083253,2000,1220
1.2396890753072407,2000,1220
1.243315503906156,2000,1220
1.2469419325050715,2000,1220
1.2505683611039868,2000,1220
1.2541947897029024,2000,1220
1.2578212183018178,2000,1220
1.2614476469007332,2000,1221
1.2650740754996486,2000,1221
1.268700504098564,2000,1222
1.2723269326974795,2000,1222
1.275953361296395,2000,1222
1.2795797898953103,2000,1223
1.2832062184942257,2000,1223
1.286832647093141,2000,1224
1.2904590756920564,2000,1224
1.294085504290972,2000,1225
1.2977119328898874,2000,1227
1.3013383614888028,2000,1229
1.3049647900877182,2000,1230
1.3085912186866335,2000,1232
1.3122176472855491,2000,1234
1.3158440758844645,2000,1236
1.3194705044833799,2000,1237
1.3230969330822953,2000,1239
1.3267233616812106,2000,1239
1.330349790280126,2000,1239
1.3339762188790416,2000,1239
1.337602647477957,2000,1239
1.3412290760768724,2000,1238
1.3448555046757877,2000,1238
1.3484819332747031,2000,1238
1.3521083618736187,2000,1238
1.355734790472534,2000,1238
1.3593612190714495,1854,1240
1.3629876476703648,1687,1243
1.3666140762692802,1520,1246
1.3702405048681956,1353,1248
1.3738669334671112,1186,1251
1.3774933620660266,1019,1254
1.381119790664942,852,1257
1.3847462192638573,685,1260
1.3883726478627727,532,1263
1.3919990764616883,665,1264
1.3956255050606037,799,1265
1.399251933659519,933,1266
1.4028783622584344,1066,1267
1.4065047908573498,1200,1268
1.4101312194562652,1334,1269
1.4137576480551808,1467,1270
1.4173840766540962,1601,1271
1.4210105052530115,1734,1272
1.424636933851927,1868,1273
1.4282633624508423,2000,1275
1.4318897910497579,2000,1275
1.4355162196486733,2000,1275
1.4391426482475886,2000,1276
1.442769076846504,2000,1276
1.4463955054454194,2000,1277
1.4500219340443348,2000,1277
1.4536483626432504,2000,1278
1.4572747912421657,2000,1278
1.4609012198410811,2000,1279
1.4645276484399965,2000,1279
1.4681540770389119,2000,1279
1.4717805056378275,2000,1280
1.4754069342367429,2000,1280
1.4790333628356582,2000,1281
1.4826597914345736,2000,1281
1.486286220033489,2000,1282
1.4899126486324044,2000,1282
1.49353907723132,2000,1282
1.4971655058302353,2000,1279
1.5007919344291507,2000,1277
1.504418363028066,2000,1275
1.5080447916269815,2000,1272
1.511671220225897,2000,1270
1.5152976488248124,2000,1267
1.5189240774237278,2000,1265
1.5225505060226432,2000,1263
1.5261769346215586,2000,1260
1.529803363220474,2000,1258
1.5334297918193895,1949,1258
1.537056220418305,1799,1262
1.5406826490172203,1649,1265
1.5443090776161357,1499,1269
1.547935506215051,1349,1273
1.5515619348139666,1199,1277
1.555188363412882,1048,1281
1.5588147920117974,898,1284
1.5624412206107128,748,1288
1.5660676492096282,598,1292
1.5696940778085435,448,1296
1.5733205064074591,383,1299
1.5769469350063745,508,1299
1.5805733636052899,633,1300
1.5841997922042053,758,1300
1.5878262208031206,883,1301
1.5914526494020362,1008,1301
1.5950790780009516,1133,1302
1.598705506599867,1258,1302
1.6023319351987824,1383,1303
1.6059583637976977,1508,1303
1.6095847923966131,1633,1304
1.6132112209955287,1758,1304
1.616837649594444,1883,1305
1.6204640781933595,2000,1306
1.6240905067922748,2000,1308
1.6277169353911902,2000,1311
1.6313433639901058,2000,1314
1.6349697925890212,2000,1317
1.6385962211879366,2000,1319
1.642222649786852,2000,1322
1.6458490783857673,2000,1324
1.6494755069846827,2000,1324
1.6531019355835983,2000,1324
1.6567283641825137,2000,1324
1.660354792781429,2000,1324
1.6639812213803444,2000,1324
1.6676076499792598,2000,1325
1.6712340785781754,2000,1325
1.6748605071770908,2000,1325
1.6784869357760062,2000,1325
1.6821133643749215,2000,1325
1.685739792973837,2000,1325
1.6893662215727523,2000,1323
1.692992650171668,2000,1322
1.6966190787705833,2000,1320
1.7002455073694986,2000,1318
1.703871935968414,2000,1317
1.7074983645673294,2000,1315
1.711124793166245,2000,1314
1.7147512217651604,2000,1312
1.7183776503640757,2000,1312
1.7220040789629911,2000,1313
1.7256305075619065,2000,1315
1.7292569361608219,2000,1316
1.7328833647597375,2000,1317
1.7365097933586529,2000,1318
1.7401362219575682,2000,1319
1.7437626505564836,2000,1321
1.747389079155399,2000,1322
1.7510155077543146,2000,1323
1.75464193635323,2000,1324
1.7582683649521453,2000,1325
1.7618947935510607,2000,1327
1.765521222149976,2000,1328
1.7691476507488915,2000,1329
1.772774079347807,2000,1330
1.7764005079467224,2000,1331
1.7800269365456378,2000,1333
1.7836533651445532,2000,1334
1.7872797937434686,2000,1335
1.7909062223423842,2000,1336
1.7945326509412995,2000,1337
1.798159079540215,2000,1339
1.8017855081391303,2000,1340
1.8054119367380457,2000,1341
1.809038365336961,2000,1342
1.8126647939358767,2000,1343
1.816291222534792,2000,1345
1.8199176511337074,2000,1346
1.8235440797326228,2000,1347
1.8271705083315382,2000,1348
1.8307969369304538,2000,1347
1.8344233655293691,2000,1344
1.8380497941282845,2000,1341
1.8416762227271999,2000,1338
1.8453026513261153,2000,1336
1.8489290799250306,2000,1333
1.8525555085239462,2000,1330
1.8561819371228616,2000,1328
1.859808365721777,2000,1325
1.8634347943206924,2000,1326
1.8670612229196077,2000,1329
1.8706876515185233,2000,1331
1.8743140801174387,2000,1333
1.877940508716354,2000,1335
1.8815669373152695,2000,1337
1.8851933659141848,2000,1339
1.8888197945131002,2000,1342
1.8924462231120158,2000,1344
1.8960726517109312,2000,1346
1.8996990803098466,2000,1348
1.903325508908762,2000,1399
1.9069519375076773,2000,1458
1.910578366106593,2000,1517
1.9142047947055083,2000,1576
1.9178312233044237,2000,1635
1.921457651903339,2000,1694
1.9250840805022544,2000,1753
1.9287105091011698,2000,1812
1.9323369377000854,2000,1871
1.9359633662990008,2000,1930
1.9395897948979162,2000,1990
1.9432162234968315,2000,1918
1.946842652095747,2000,1821
1.9504690806946625,2000,1723
1.954095509293578,2000,1625
1.9577219378924933,2000,1527
1.9613483664914086,2000,1429
1.964974795090324,2000,1368
1.9686012236892394,2000,1441
1.972227652288155,2000,1515
1.9758540808870704,2000,1588
1.9794805094859858,2000,1661
1.9831069380849011,2000,1735
1.9867333666838165,2000,1808
1.990359795282732,2000,1881
1.9939862238816475,2000,1955
1.9976126524805629,2000,2000
2.0012390810794782,2000,2000
2.004865509678394,2000,2000
2.0084919382773094,2000,2000
2.0121183668762246,2000,2000
2.01574479547514,2000,2000
2.0193712240740553,2000,2000
2.022997652672971,2000,2000
2.0266240812718865,2000,2000
2.0302505098708017,2000,1944
2.0338769384697173,2000,1844
2.0375033670686324,2000,1745
2.041129795667548,2000,1646
2.0447562242664636,2000,1547
2.048382652865379,2000,1448
2.0520090814642944,2000,1349
2.0556355100632095,2000,1345
2.059261938662125,2000,1346
2.0628883672610407,2000,1348
2.066514795859956,2000,1349
2.0701412244588715,2000,1351
2.0737676530577867,2000,1352
2.0773940816567023,2000,1354
2.081020510255618,2000,1355
2.084646938854533,2000,1368
2.0882733674534486,2000,1466
2.0918997960523638,2000,1563
2.0955262246512794,2000,1660
2.0991526532501945,2000,1757
2.10277908184911,2000,1854
2.1064055104480257,2000,1951
2.110031939046941,2000,2000
2.1136583676458565,2000,2000
2.1172847962447716,2000,2000
2.120911224843687,2000,2000
2.124537653442603,2000,2000
2.128164082041518,2000,2000
2.1317905106404336,2000,2000
2.1354169392393487,2000,2000
2.1390433678382643,2000,2000
2.14266979643718,2000,2000
2.146296225036095,2000,2000
2.1499226536350107,2000,2000
2.153549082233926,2000,2000
2.1571755108328414,2000,2000
2.160801939431757,2000,2000
2.164428368030672,2000,2000
2.1680547966295878,2000,2000
2.171681225228503,2000,2000
2.1753076538274185,2000,2000
2.1789340824263337,2000,2000
2.1825605110252493,2000,2000
2.186186939624165,2000,2000
2.18981336822308,2000,2000
2.1934397968219956,2000,2000
2.197066225420911,2000,2000
2.2006926540198264,2000,2000
2.204319082618742,2000,2000
2.207945511217657,2000,2000
2.2115719398165727,2000,2000
2.215198368415488,2000,2000
2.2188247970144035,2000,2000
2.222451225613319,2000,2000
2.2260776542122342,2000,2000
2.22970408281115,2000,2000
2.233330511410065,2000,2000
2.2369569400089806,2000,2000
2.240583368607896,2000,2000
2.2442097972068114,2000,2000
2.247836225805727,2000,2000
2.251462654404642,2000,2000
2.2550890830035577,2000,2000
2.258715511602473,2000,2000
2.2623419402013885,2000,2000
2.265968368800304,2000,2000
2.269594797399219,2000,2000
2.273221225998135,2000,2000
2.27684765459705,2000,2000
2.2804740831959656,2000,2000
2.284100511794881,2000,2000
2.2877269403937963,2000,2000
2.291353368992712,2000,2000
2.294979797591627,2000,2000
2.2986062261905427,2000,2000
2.3022326547894583,2000,2000
2.3058590833883734,2000,2000
2.309485511987289,2000,2000
2.313111940586204,2000,2000
2.3167383691851198,2000,2000
2.3203647977840354,2000,2000
2.3239912263829505,2000,2000
2.327617654981866,2000,2000
2.3312440835807813,2000,2000
2.334870512179697,2000,2000
2.338496940778612,2000,2000
2.3421233693775276,2000,2000
2.3457497979764432,2000,2000
2.3493762265753584,2000,2000
2.353002655174274,2000,2000
2.356629083773189,2000,2000
2.3602555123721047,2000,2000
2.3638819409710203,2000,2000
2.3675083695699355,2000,2000
2.371134798168851,2000,2000
2.3747612267677662,2000,2000
2.378387655366682,2000,2000
2.3820140839655974,2000,2000
2.3856405125645126,2000,2000
2.389266941163428,2000,2000
2.3928933697623433,2000,2000
2.396519798361259,2000,2000
2.4001462269601745,2000,2000
2.4037726555590897,2000,2000
2.4073990841580053,2000,2000
2.4110255127569205,2000,2000
2.414651941355836,2000,2000
2.418278369954751,2000,2000
2.421904798553667,2000,2000
2.4255312271525824,2000,2000
2.4291576557514976,2000,2000
2.432784084350413,2000,2000
2.4364105129493283,2000,2000
2.440036941548244,2000,2000
2.4436633701471595,2000,2000
2.4472897987460747,2000,2000
2.4509162273449903,2000,2000
2.4545426559439054,2000,2000
2.458169084542821,2000,2000
2.4617955131417366,2000,2000
2.4654219417406518,2000,2000
2.4690483703395674,2000,2000
2.4726747989384825,2000,2000
2.476301227537398,2000,2000
2.4799276561363137,2000,2000
2.483554084735229,2000,2000
2.4871805133341445,2000,2000
2.4908069419330596,2000,2000
2.4944333705319752,2000,2000
2.4980597991308904,2000,2000
2.501686227729806,2000,2000
2.5053126563287216,2000,2000
2.5089390849276367,2000,2000
2.5125655135265523,2000,2000
2.5161919421254675,2000,2000
2.519818370724383,2000,2000
2.5234447993232987,2000,2000
2.527071227922214,2000,2000
2.5306976565211294,2000,2000
2.5343240851200446,2000,2000
2.53795051371896,2000,2000
2.541576942317876,2000,2000
2.545203370916791,2000,2000
2.5488297995157065,2000,2000
2.5524562281146217,2000,2000
2.5560826567135373,2000,2000
2.559709085312453,2000,2000
2.563335513911368,2000,2000
2.5669619425102836,2000,2000
2.570588371109199,2000,2000
2.5742147997081144,2000,2000
2.5778412283070296,2000,2000
2.581467656905945,2000,2000
2.5850940855048608,2000,2000
2.588720514103776,2000,2000
2.5923469427026915,2000,2000
2.5959733713016067,2000,2000
2.5995997999005223,2000,2000
2.603226228499438,2000,2000
2.606852657098353,2000,2000
2.6104790856972686,2000,2000
2.6141055142961838,2000,2000
2.6177319428950994,2000,2000
2.621358371494015,2000,2000
2.62498480009293,2000,2000
2.6286112286918457,2000,2000
2.632237657290761,2000,2000
2.6358640858896765,2000,2000
2.639490514488592,2000,2000
2.643116943087507,2000,2000
2.646743371686423,2000,2000
2.650369800285338,2000,2000
2.6539962288842536,2000,2000
2.6576226574831687,2000,2000
2.6612490860820843,2000,2000
2.664875514681,2000,2000
2.668501943279915,2000,2000
2.6721283718788307,2000,2000
2.675754800477746,2000,2000
2.6793812290766614,2000,2000
2.683007657675577,2000,2000
2.686634086274492,2000,2000
2.690260514873408,2000,2000
2.693886943472323,2000,2000
2.6975133720712385,2000,2000
2.701139800670154,2000,2000
2.7047662292690693,2000,2000
2.708392657867985,2000,2000
2.7120190864669,2000,2000
2.7156455150658156,2000,2000
2.7192719436647312,2000,2000
2.7228983722636464,2000,2000
2.726524800862562,2000,2000
2.730151229461477,2000,2000
2.7337776580603927,2000,2000
2.737404086659308,2000,2000
2.7410305152582235,2000,2000
2.744656943857139,2000,2000
2.7482833724560543,2000,2000
2.75190980105497,2000,2000
2.755536229653885,2000,2000
2.7591626582528006,2000,2000
2.762789086851716,2000,2000
2.7664155154506314,2000,2000
2.770041944049547,2000,2000
2.773668372648462,2000,2000
2.7772948012473777,2000,2000
2.7809212298462933,2000,2000
2.7845476584452085,2000,2000
2.788174087044124,2000,2000
2.791800515643039,2000,2000
2.795426944241955,2000,2000
2.7990533728408704,2000,2000
2.8026798014397856,2000,2000
2.806306230038701,2000,2000
2.8099326586376163,2000,2000
2.813559087236532,2000,2000
2.817185515835447,2000,2000
2.8208119444343627,2000,2000
2.8244383730332783,2000,2000
2.8280648016321934,2000,2000
2.831691230231109,2000,2000
2.835317658830024,2000,2000
2.8389440874289398,2000,2000
2.8425705160278554,2000,2000
2.8461969446267705,2000,2000
2.849823373225686,2000,2000
2.8534498018246013,2000,2000
2.857076230423517,2000,2000
2.8607026590224325,2000,2000
2.8643290876213476,2000,2000
2.8679555162202632,2000,2000
2.8715819448191784,2000,2000
2.875208373418094,2000,2000
2.8788348020170096,2000,2000
2.8824612306159247,2000,2000
2.8860876592148403,2000,2000
2.8897140878137555,2000,2000
2.893340516412671,2000,2000
2.8969669450115862,2000,2000
2.900593373610502,2000,2000
2.9042198022094174,2000,2000
2.9078462308083326,2000,2000
2.911472659407248,2000,2000
2.9150990880061634,2000,2000
2.918725516605079,2000,2000
2.9223519452039945,2000,2000
2.9259783738029097,2000,2000
2.9296048024018253,2000,2000
2.9332312310007405,2000,2000
2.936857659599656,2000,2000
2.9404840881985717,2000,2000
2.944110516797487,2000,2000
2.9477369453964024,2000,2000
2.9513633739953176,2000,2000
2.954989802594233,2000,2000
2.9586162311931488,2000,2000
2.962242659792064,2000,2000
2.9658690883909795,2000,2000
2.9694955169898947,2000,2000
2.9731219455888103,2000,2000
2.9767483741877254,2000,2000
2.980374802786641,2000,2000
2.9840012313855566,2000,2000
2.9876276599844718,2000,2000
2.9912540885833874,2000,2000
2.9948805171823025,2000,2000
2.998506945781218,2000,2000
3.0021333743801337,2000,2000
3.005759802979049,2000,2000
3.0093862315779645,2000,2000
3.0130126601768796,2000,2000
3.0166390887757952,2000,2000
3.020265517374711,2000,2000
3.023891945973626,2000,2000
3.0275183745725416,2000,2000
3.0311448031714567,2000,2000
3.0347712317703723,2000,2000
3.038397660369288,2000,2000
3.042024088968203,2000,2000
3.0456505175671187,2000,2000
3.049276946166034,2000,2000
3.0529033747649494,2000,2000
3.0565298033638646,2000,2000
3.06015623196278,2000,2000
3.063782660561696,2000,2000
3.067409089160611,2000,2000
3.0710355177595265,2000,2000
3.0746619463584417,2000,2000
3.0782883749573573,2000,2000
3.081914803556273,2000,2000
3.085541232155188,2000,2000
3.0891676607541037,2000,2000
3.092794089353019,2000,2000
3.0964205179519344,2000,2000
3.10004694655085,2000,2000
3.103673375149765,2000,2000
3.1072998037486808,2000,2000
3.110926232347596,2000,2000
3.1145526609465115,2000,2000
3.118179089545427,2000,2000
3.1218055181443423,2000,2000
3.125431946743258,2000,2000
3.129058375342173,2000,2000
3.1326848039410886,2000,2000
3.1363112325400038,2000,2000
3.1399376611389194,2000,2000
3.143564089737835,2000,2000
3.14719051833675,2000,2000
3.1508169469356657,2000,2000
3.154443375534581,2000,2000
3.1580698041334965,2000,2000
3.161696232732412,2000,2000
3.1653226613313272,2000,2000
3.168949089930243,2000,2000
3.172575518529158,2000,2000
3.1762019471280736,2000,2000
3.179828375726989,2000,2000
3.1834548043259043,1803,2000
3.18708123292482,1583,2000
3.190707661523735,1364,2000
3.1943340901226507,1144,2000
3.1979605187215663,925,2000
3.2015869473204814,705,2000
3.205213375919397,486,2000
3.208839804518312,266,2000
3.212466233117228,78,2000
3.216092661716143,298,2000
3.2197190903150585,517,2000
3.223345518913974,737,2000
3.2269719475128893,956,2000
3.230598376111805,1176,2000
3.23422480471072,1395,2000
3.2378512333096356,1615,2000
3.2414776619085512,1835,2000
3.2451040905074664,2000,2000
3.248730519106382,2000,2000
3.252356947705297,2000,2000
3.2559833763042128,2000,2000
3.2596098049031283,2000,2000
3.2632362335020435,2000,2000
3.266862662100959,2000,2000
3.2704890906998743,2000,2000
3.27411551929879,2000,2000
3.2777419478977055,2000,2000
3.2813683764966206,2000,2000
3.284994805095536,2000,2000
3.2886212336944514,2000,2000
3.292247662293367,2000,2000
3.295874090892282,2000,2000
3.2995005194911977,2000,2000
3.3031269480901133,2000,2000
3.3067533766890285,2000,2000
3.310379805287944,2000,2000
3.314006233886859,2000,2000
3.317632662485775,2000,2000
3.3212590910846904,2000,2000
3.3248855196836056,2000,2000
3.328511948282521,2000,2000
3.3321383768814363,2000,2000
3.335764805480352,2000,2000
3.3393912340792675,2000,2000
3.3430176626781827,2000,2000
3.3466440912770983,2000,2000
3.3502705198760134,2000,2000
3.353896948474929,2000,2000
3.3575233770738446,2000,2000
3.36114980567276,2000,2000
3.3647762342716754,2000,2000
3.3684026628705905,2000,2000
3.372029091469506,2000,2000
3.3756555200684213,2000,2000
3.379281948667337,2000,2000
3.3829083772662525,2000,2000
3.3865348058651676,2000,2000
3.3901612344640832,2000,2000
3.3937876630629984,2000,2000
3.397414091661914,2000,2000
3.4010405202608296,2000,2000
3.4046669488597447,2000,2000
3.4082933774586603,2000,2000
3.4119198060575755,2000,2000
3.415546234656491,2000,2000
3.4191726632554067,2000,2000
3.422799091854322,2000,2000
3.4264255204532374,2000,2000
3.4300519490521526,2000,2000
3.433678377651068,2000,2000
3.437304806249984,2000,1966
3.440931234848899,2000,1858
3.4445576634478146,2000,1749
3.4481840920467297,2000,1640
3.4518105206456453,2000,1531
3.4554369492445605,2000,1422
3.459063377843476,2000,1313
3.4626898064423917,2000,1204
3.466316235041307,2000,1095
3.4699426636402224,2000,1108
3.4735690922391376,2000,1253
3.477195520838053,2000,1399
3.4808219494369688,2000,1544
3.484448378035884,2000,1689
3.4880748066347995,2000,1834
3.4917012352337147,2000,1979
3.4953276638326303,2000,2000
3.498954092431546,2000,2000
3.502580521030461,2000,2000
3.5062069496293766,2000,2000
3.509833378228292,2000,2000
3.5134598068272074,2000,2000
3.517086235426123,2000,2000
3.520712664025038,2000,2000
3.5243390926239537,2000,2000
3.527965521222869,2000,2000
3.5315919498217845,2000,2000
3.5352183784206996,2000,2000
3.5388448070196152,2000,2000
3.542471235618531,2000,2000
3.546097664217446,2000,2000
3.5497240928163616,2000,2000
3.5533505214152767,2000,2000
3.5569769500141923,2000,2000
3.560603378613108,2000,2000
3.564229807212023,2000,2000
3.5678562358109387,2000,2000
3.571482664409854,2000,2000
3.5751090930087694,2000,2000
3.578735521607685,2000,2000
3.5823619502066,2000,2000
3.585988378805516,2000,2000
3.589614807404431,2000,2000
3.5932412360033466,2000,2000
3.596867664602262,2000,2000
3.6004940932011773,2000,2000
3.604120521800093,2000,2000
3.607746950399008,2000,2000
3.6113733789979237,2000,2000
3.614999807596839,2000,1881
3.6186262361957544,2000,1728
3.62225266479467,2000,1575
3.625879093393585,2000,1422
3.6295055219925008,2000,1269
3.633131950591416,2000,1116
3.6367583791903315,2000,962
3.640384807789247,2000,809
3.6440112363881623,2000,723
3.647637664987078,2000,805
3.651264093585993,2000,888
3.6548905221849086,2000,970
3.658516950783824,2000,1052
3.6621433793827394,2000,1135
3.665769807981655,2000,1217
3.66939623658057,2000,1300
3.6730226651794857,2000,1382
3.6766490937784013,2000,1464
3.6802755223773165,2000,1547
3.683901950976232,2000,1629
3.6875283795751472,2000,1712
3.691154808174063,2000,1794
3.694781236772978,2000,1876
3.6984076653718936,2000,1959
3.702034093970809,2000,2000
3.7056605225697243,2000,2000
3.70928695116864,2000,2000
3.712913379767555,2000,2000
3.7165398083664707,2000,2000
3.7201662369653863,2000,2000
3.7237926655643014,2000,2000
3.727419094163217,2000,2000
3.731045522762132,2000,2000
3.734671951361048,2000,2000
3.7382983799599634,2000,2000
3.7419248085588785,2000,2000
3.745551237157794,2000,2000
3.7491776657567093,2000,2000
3.752804094355625,2000,2000
3.75643052295454,2000,2000
3.7600569515534557,2000,2000
3.7636833801523712,2000,2000
3.7673098087512864,2000,2000
3.770936237350202,2000,2000
3.774562665949117,2000,2000
3.7781890945480328,2000,2000
3.7818155231469484,2000,2000
3.7854419517458635,2000,2000
3.789068380344779,2000,2000
3.7926948089436943,2000,2000
3.79632123754261,2000,2000
3.7999476661415255,2000,2000
3.8035740947404406,2000,2000
3.807200523339356,2000,2000
3.8108269519382714,2000,2000
3.814453380537187,2000,2000
3.8180798091361026,2000,2000
3.8217062377350177,2000,2000
3.8253326663339333,2000,2000
3.8289590949328485,2000,2000
3.832585523531764,2000,2000
3.8362119521306792,2000,2000
3.839838380729595,2000,2000
3.8434648093285104,2000,2000
3.8470912379274256,2000,2000
3.850717666526341,2000,2000
3.8543440951252563,2000,2000
3.857970523724172,2000,2000
3.8615969523230875,2000,2000
3.8652233809220027,2000,2000
3.8688498095209183,2000,2000
3.8724762381198334,2000,2000
3.876102666718749,2000,2000
3.8797290953176646,2000,2000
3.88335552391658,2000,2000
3.8869819525154954,2000,2000
3.8906083811144105,2000,2000
3.894234809713326,2000,2000
3.8978612383122417,2000,2000
3.901487666911157,2000,2000
3.9051140955100725,2000,2000
3.9087405241089876,2000,2000
3.9123669527079032,2000,2000
3.9159933813068184,2000,2000
3.919619809905734,2000,2000
3.9232462385046496,2000,2000
3.9268726671035648,2000,2000
3.9304990957024803,2000,2000
3.9341255243013955,2000,2000
3.937751952900311,2000,2000
3.9413783814992267,2000,2000
3.945004810098142,2000,2000
3.9486312386970575,2000,2000
3.9522576672959726,2000,2000
3.955884095894888,2000,2000
3.959510524493804,2000,2000
3.963136953092719,2000,2000
3.9667633816916346,2000,2000
3.9703898102905497,2000,2000
3.9740162388894653,2000,2000
3.977642667488381,2000,2000
3.981269096087296,2000,2000
3.9848955246862117,2000,2000
3.988521953285127,2000,2000
3.9921483818840424,2000,2000
3.9957748104829576,2000,2000
3.999401239081873,2000,2000
4.003027667680788,2000,2000
4.0066540962797035,2000,2000
4.010280524878619,2000,2000
4.013906953477535,2000,2000
4.01753338207645,2000,2000
4.021159810675365,2000,2000
4.024786239274281,2000,2000
4.028412667873196,2000,2000
4.032039096472111,2000,2000
4.0356655250710265,2000,2000
4.0392919536699425,2000,2000
4.042918382268858,2000,2000
4.046544810867773,2000,2000
4.050171239466689,2000,2000
4.053797668065604,2000,2000
4.057424096664519,2000,2000
4.061050525263435,2000,2000
4.06467695386235,2000,2000
4.0683033824612655,2000,2000
4.071929811060181,2000,2000
4.075556239659097,2000,2000
4.079182668258012,2000,2000
4.082809096856927,2000,2000
4.086435525455843,2000,2000
4.090061954054758,2000,2000
4.093688382653673,2000,2000
4.0973148112525895,2000,2000
4.100941239851505,2000,2000
4.10456766845042,2000,2000
4.108194097049335,2000,2000
4.111820525648251,2000,1942
4.115446954247166,2000,1884
4.119073382846081,2000,1826
4.122699811444997,2000,1769
4.1263262400439125,2000,1711
4.129952668642828,2000,1653
4.133579097241743,2000,1596
4.137205525840659,2000,1538
4.140831954439574,2000,1480
4.144458383038489,2000,1422
4.148084811637405,2000,1365
4.15171124023632,2000,1307
4.1553376688352355,2000,1249
4.1589640974341515,2000,1288
4.162590526033067,2000,1357
4.166216954631982,2000,1427
4.169843383230897,2000,1496
4.173469811829813,2000,1565
4.177096240428728,2000,1635
4.180722669027643,2000,1704
4.184349097626559,2000,1773
4.1879755262254745,2000,1842
4.19160195482439,2000,1912
4.195228383423305,2000,1981
4.198854812022221,2000,2000
4.202481240621136,2000,2000
4.206107669220051,2000,2000
4.209734097818967,2000,2000
4.213360526417882,2000,2000
4.2169869550167975,2000,2000
4.220613383615714,2000,2000
4.224239812214629,2000,2000
4.227866240813544,2000,2000
4.231492669412459,2000,2000
4.235119098011375,2000,2000
4.23874552661029,2000,2000
4.242371955209205,2000,2000
4.2459983838081214,2000,2000
4.249624812407037,2000,2000
4.253251241005952,2000,2000
4.256877669604868,2000,2000
4.260504098203783,2000,2000
4.264130526802698,2000,2000
4.267756955401613,2000,2000
4.271383384000529,2000,2000
4.2750098125994445,2000,2000
4.27863624119836,2000,2000
4.282262669797276,2000,2000
4.285889098396191,2000,2000
4.289515526995106,2000,2000
4.293141955594021,2000,2000
4.296768384192937,2000,2000
4.300394812791852,2000,2000
4.3040212413907675,2000,2000
4.3076476699896835,2000,2000
4.311274098588599,2000,2000
4.314900527187514,2000,2000
4.31852695578643,1815,2000
4.322153384385345,1526,2000
4.32577981298426,1238,2000
4.329406241583175,950,2000
4.333032670182091,662,2000
4.3366590987810065,373,2000
4.340285527379922,96,2000
4.343911955978838,313,2000
4.347538384577753,529,2000
4.351164813176668,745,2000
4.354791241775583,961,2000
4.358417670374499,1178,2000
4.362044098973414,1394,2000
4.3656705275723295,1610,2000
4.369296956171246,1826,2000
4.372923384770161,2000,2000
4.376549813369076,2000,2000
4.380176241967992,2000,2000
4.383802670566907,2000,2000
4.387429099165822,2000,2000
4.391055527764737,2000,2000
4.394681956363653,2000,2000
4.398308384962569,2000,2000
4.401934813561484,2000,2000
4.4055612421604,2000,2000
4.409187670759315,2000,2000
4.41281409935823,2000,2000
4.416440527957146,2000,2000
4.420066956556061,2000,2000
4.4236933851549765,2000,2000
4.427319813753892,2000,2000
4.430946242352808,2000,2000
4.434572670951723,2000,2000
4.438199099550638,2000,2000
4.441825528149554,2000,2000
4.445451956748469,2000,2000
4.449078385347384,2000,2000
4.4527048139462995,2000,2000
4.4563312425452155,2000,2000
4.459957671144131,2000,2000
4.463584099743046,2000,2000
4.467210528341962,2000,2000
4.470836956940877,2000,2000
4.474463385539792,2000,2000
4.478089814138708,2000,2000
4.481716242737623,2000,2000
4.4853426713365385,2000,2000
4.488969099935454,2000,2000
4.49259552853437,2000,2000
4.496221957133285,2000,2000
4.4998483857322,2000,2000
4.503474814331116,2000,2000
4.507101242930031,2000,2000
4.510727671528946,2000,2000
4.5143541001278615,2000,2000
4.517980528726778,2000,2000
4.521606957325693,2000,2000
4.525233385924608,2000,2000
4.528859814523524,2000,2000
4.532486243122439,2000,2000
4.536112671721354,2000,2000
4.53973910032027,2000,2000
4.543365528919185,2000,2000
4.546991957518101,2000,2000
4.550618386117016,2000,2000
4.554244814715932,2000,2000
4.557871243314847,2000,2000
4.561497671913762,2000,2000
4.565124100512678,2000,2000
4.568750529111593,2000,2000
4.5723769577105084,2000,2000
4.5760033863094245,2000,2000
4.57962981490834,2000,2000
4.583256243507255,2000,2000
4.58688267210617,2000,2000
4.590509100705086,2000,2000
4.594135529304001,2000,2000
4.597761957902916,2000,2000
4.601388386501832,2000,2000
4.6050148151007475,2000,2000
4.608641243699663,2000,2000
4.612267672298578,2000,2000
4.615894100897494,2000,2000
4.619520529496409,2000,2000
4.623146958095324,2000,2000
4.62677338669424,2000,2000
4.630399815293155,2000,2000
4.6340262438920705,2000,2000
4.637652672490987,2000,2000
4.641279101089902,2000,2000
4.644905529688817,2000,2000
4.648531958287732,2000,2000
4.652158386886648,2000,2000
4.655784815485563,2000,2000
4.659411244084478,2000,2000
4.663037672683394,2000,2000
4.66666410128231,2000,2000
4.670290529881225,2000,2000
4.67391695848014,2000,2000
4.677543387079056,2000,2000
4.681169815677971,2000,2000
4.684796244276886,2000,2000
4.688422672875802,2000,2000
4.692049101474717,2000,2000
4.695675530073633,2000,2000
4.699301958672549,2000,2000
4.702928387271464,2000,2000
4.706554815870379,2000,2000
4.710181244469294,2000,2000
4.71380767306821,2000,2000
4.717434101667125,2000,2000
4.7210605302660404,2000,2000
4.7246869588649565,2000,2000
4.728313387463872,2000,2000
4.731939816062787,2000,2000
4.735566244661703,2000,2000
4.739192673260618,2000,2000
4.742819101859533,2000,2000
4.746445530458448,2000,2000
4.750071959057364,2000,2000
4.7536983876562795,2000,2000
4.757324816255195,2000,2000
4.760951244854111,2000,2000
4.764577673453026,2000,2000
4.768204102051941,2000,2000
4.771830530650856,2000,2000
4.775456959249772,2000,2000
4.779083387848687,2000,2000
4.7827098164476025,2000,2000
4.786336245046519,2000,2000
4.789962673645434,2000,2000
4.793589102244349,2000,2000
4.797215530843265,2000,2000
4.80084195944218,2000,2000
4.804468388041095,2000,2000
4.80809481664001,2000,2000
4.811721245238926,2000,2000
4.815347673837842,2000,2000
4.818974102436757,2000,2000
4.822600531035673,2000,2000
4.826226959634588,2000,2000
4.829853388233503,2000,2000
4.833479816832418,2000,2000
4.837106245431334,2000,2000
4.840732674030249,2000,2000
4.844359102629165,2000,2000
4.847985531228081,2000,2000
4.851611959826996,2000,2000
4.855238388425911,2000,2000
4.858864817024827,2000,2000
4.862491245623742,2000,2000
4.866117674222657,2000,2000
4.869744102821572,2000,2000
4.8733705314204885,2000,2000
4.876996960019404,2000,2000
4.880623388618319,2000,2000
4.884249817217235,2000,2000
4.88787624581615,2000,2000
4.891502674415065,2000,2000
4.895129103013981,2000,2000
4.898755531612896,2000,2000
4.9023819602118115,2000,2000
4.906008388810727,2000,2000
4.909634817409643,2000,2000
4.913261246008558,2000,2000
4.916887674607473,2000,2000
4.920514103206389,2000,2000
4.924140531805304,2000,2000
4.927766960404219,2000,2000
4.9313933890031345,2000,2000
4.9350198176020506,2000,2000
4.938646246200966,2000,2000
4.942272674799881,2000,2000
4.945899103398797,2000,2000
4.949525531997712,2000,2000
4.953151960596627,2000,2000
4.956778389195543,2000,2000
4.960404817794458,2000,2000
4.964031246393374,2000,2000
4.967657674992289,2000,2000
4.971284103591205,2000,2000
4.97491053219012,2000,2000
4.978536960789035,2000,2000
4.982163389387951,2000,2000
4.985789817986866,2000,2000
4.989416246585781,2000,2000
4.993042675184697,2000,2000
4.996669103783613,2000,2000
5.000295532382528,2000,2000
5.003921960981443,2000,2000
5.007548389580359,2000,2000
5.011174818179274,2000,2000
5.014801246778189,2000,2000
5.018427675377105,2000,2000
5.0220541039760205,2000,2000
5.025680532574936,2000,2000
5.029306961173851,2000,2000
5.032933389772767,2000,2000
5.036559818371682,2000,2000
5.040186246970597,2000,2000
5.043812675569513,2000,2000
5.047439104168428,2000,2000
5.0510655327673435,2000,2000
5.0546919613662595,2000,2000
5.058318389965175,2000,2000
5.06194481856409,2000,2000
5.065571247163005,2000,2000
5.069197675761921,2000,1987
5.072824104360836,2000,1940
5.076450532959751,2000,1893
5.080076961558667,2000,1846
5.0837033901575825,2000,1799
5.087329818756498,2000,1752
5.090956247355413,2000,1705
5.094582675954329,2000,1658
5.098209104553244,2000,1611
5.101835533152159,2000,1564
5.105461961751075,2000,1517
5.10908839034999,2000,1471
5.112714818948906,2000,1424
5.116341247547822,2000,1381
5.119967676146737,2000,1452
5.123594104745652,2000,1522
5.127220533344567,2000,1592
5.130846961943483,2000,1663
5.134473390542398,2000,1733
5.138099819141313,2000,1803
5.1417262477402295,2000,1874
5.145352676339145,2000,1944
5.14897910493806,2000,2000
5.152605533536975,2000,2000
5.156231962135891,2000,2000
5.159858390734806,2000,2000
5.163484819333721,2000,2000
5.167111247932637,2000,2000
5.1707376765315525,2000,2000
5.174364105130468,2000,2000
5.177990533729384,2000,2000
5.181616962328299,2000,2000
5.185243390927214,2000,2000
5.188869819526129,2000,1986
5.192496248125045,2000,1912
5.19612267672396,2000,1838
5.1997491053228755,2000,1765
5.2033755339217915,2000,1691
5.207001962520707,2000,1617
5.210628391119622,2000,1543
5.214254819718538,2000,1470
5.217881248317453,2000,1396
5.221507676916368,2000,1349
5.225134105515283,2000,1351
5.228760534114199,2000,1353
5.2323869627131145,2000,1355
5.23601339131203,2000,1357
5.239639819910946,2000,1359
5.243266248509861,2000,1361
5.246892677108776,2000,1364
5.250519105707691,2000,1366
5.254145534306607,2000,1366
5.257771962905522,2000,1364
5.2613983915044376,2000,1362
5.265024820103354,2000,1361
5.268651248702269,2000,1359
5.272277677301184,2000,1358
5.2759041059001,2000,1356
5.279530534499015,2000,1355
5.28315696309793,2000,1353
5.286783391696845,2000,1352
5.2904098202957615,2000,1352
5.294036248894677,2000,1352
5.297662677493592,2000,1351
5.301289106092508,2000,1351
5.304915534691423,2000,1351
5.308541963290338,2000,1350
5.312168391889253,2000,1350
5.315794820488169,2000,1350
5.3194212490870845,2000,1351
5.323047677686,2000,1352
5.326674106284916,2000,1354
5.330300534883831,2000,1355
5.333926963482746,2000,1357
5.337553392081662,2000,1358
5.341179820680577,2000,1359
5.344806249279492,2000,1361
5.3484326778784075,2000,1362
5.3520591064773235,2000,1364
5.355685535076239,2000,1365
5.359311963675154,2000,1362
5.36293839227407,2000,1357
5.366564820872985,2000,1352
5.3701912494719,2000,1348
5.373817678070816,2000,1343
5.377444106669731,2000,1338
5.3810705352686465,2000,1334
5.384696963867562,2000,1329
5.388323392466478,1993,1324
5.391949821065393,1788,1324
5.395576249664308,1584,1324
5.399202678263224,1379,1324
5.402829106862139,1175,1324
5.406455535461054,971,1324
5.4100819640599696,766,1324
5.413708392658886,562,1324
5.417334821257801,357,1324
5.420961249856716,224,1324
5.424587678455632,360,1326
5.428214107054547,497,1328
5.431840535653462,633,1329
5.435466964252378,769,1331
5.4390933928512935,905,1333
5.442719821450209,1042,1335
5.446346250049124,1178,1337
5.44997267864804,1314,1338
5.453599107246955,1451,1340
5.45722553584587,1587,1342
5.460851964444786,1723,1344
5.464478393043701,1860,1346
5.4681048216426165,1996,1347
5.471731250241532,2000,1341
5.475357678840448,2000,1335
5.478984107439363,2000,1329
5.482610536038278,2000,1323
5.486236964637194,2000,1317
5.489863393236109,2000,1310
5.493489821835024,2000,1304
5.49711625043394,2000,1298
5.5007426790328555,2000,1293
5.504369107631771,2000,1295
5.507995536230686,2000,1298
5.511621964829602,2000,1300
5.515248393428517,2000,1302
5.518874822027432,2000,1305
5.522501250626348,2000,1307
5.526127679225263,2000,1310
5.5297541078241785,2000,1312
5.533380536423095,2000,1313
5.53700696502201,2000,1313
5.540633393620925,2000,1312
5.54425982221984,2000,1311
5.547886250818756,2000,1311
5.551512679417671,2000,1310
5.555139108016586,2000,1309
5.558765536615502,2000,1309
5.562391965214418,2000,1308
5.566018393813333,2000,1307
5.569644822412248,2000,1307
5.573271251011164,2000,1306
5.576897679610079,2000,1306
5.580524108208994,2000,1305
5.58415053680791,2000,1304
5.5877769654068254,2000,1304
5.591403394005741,2000,1306
5.595029822604657,2000,1308
5.598656251203572,2000,1311
5.602282679802487,2000,1314
5.605909108401402,2000,1316
5.609535537000318,2000,1319
5.613161965599233,2000,1321
5.6167883941981485,2000,1324
5.6204148227970645,2000,1326
5.62404125139598,2000,1322
5.627667679994895,2000,1318
5.63129410859381,2000,1314
5.634920537192726,2000,1310
5.638546965791641,2000,1306
5.642173394390556,2000,1302
5.645799822989472,2000,1298
5.6494262515883875,2000,1294
5.653052680187303,2000,1290
5.656679108786219,2000,1287
5.660305537385134,2000,1284
5.663931965984049,2000,1281
5.667558394582964,2000,1279
5.67118482318188,2000,1276
5.674811251780795,2000,1273
5.6784376803797105,2000,1270
5.682064108978627,2000,1267
5.685690537577542,2000,1265
5.689316966176457,2000,1262
5.692943394775372,2000,1260
5.696569823374288,2000,1263
5.700196251973203,2000,1266
5.703822680572118,2000,1270
5.707449109171034,2000,1273
5.71107553776995,2000,1276
5.714701966368865,2000,1279
5.718328394967781,2000,1282
5.721954823566696,2000,1286
5.725581252165611,2000,1288
5.729207680764526,2000,1288
5.732834109363442,2000,1289
5.736460537962357,2000,1290
5.740086966561273,2000,1290
5.743713395160189,2000,1291
5.747339823759104,2000,1291
5.750966252358019,2000,1292
5.754592680956935,2000,1293
5.75821910955585,2000,1293
5.761845538154765,2000,1294
5.7654719667536805,2000,1294
5.7690983953525965,2000,1295
5.772724823951512,2000,1295
5.776351252550427,2000,1289
5.779977681149343,2000,1283
5.783604109748258,2000,1277
5.787230538347173,2000,1271
5.790856966946088,2000,1265
5.794483395545004,2000,1259
5.7981098241439195,1879,1257
5.801736252742835,1651,1257
5.805362681341751,1422,1258
5.808989109940666,1193,1258
5.812615538539581,965,1259
5.816241967138497,736,1259
5.819868395737412,508,1259
5.823494824336327,642,1261
5.8271212529352425,814,1262
5.830747681534159,985,1263
5.834374110133074,1157,1264
5.838000538731989,1328,1265
5.841626967330905,1499,1266
5.84525339592982,1671,1267
5.848879824528735,1842,1268
5.85250625312765,2000,1269
5.856132681726566,2000,1269
5.859759110325482,2000,1268
5.863385538924397,2000,1267
5.867011967523313,2000,1267
5.870638396122228,2000,1266
5.874264824721143,2000,1265
5.877891253320059,2000,1265
5.881517681918974,2000,1264
5.885144110517889,2000,1262
5.888770539116805,2000,1258
5.892396967715721,2000,1253
5.896023396314636,2000,1248
5.899649824913551,2000,1244
5.903276253512467,2000,1239
5.906902682111382,2000,1234
5.910529110710297,2000,1230
5.914155539309213,2000,1225
5.9177819679081285,2000,1223
5.921408396507044,2000,1225
5.925034825105959,2000,1226
5.928661253704875,2000,1228
5.93228768230379,2000,1230
5.935914110902705,2000,1231
5.939540539501621,2000,1233
5.943166968100536,2000,1234
5.9467933966994515,2000,1236
5.950419825298367,2000,1235
5.954046253897283,2000,1232
5.957672682496198,2000,1229
5.961299111095113,2000,1227
5.964925539694029,2000,1224
5.968551968292944,2000,1221
5.972178396891859,2000,1219
5.975804825490775,2000,1216
5.979431254089691,2000,1213
5.983057682688606,2000,1213
5.986684111287521,2000,1213
5.990310539886437,2000,1213
5.993936968485352,2000,1213
5.997563397084267,2000,1214
6.001189825683183,2000,1214
6.004816254282098,2000,1214
6.008442682881014,2000,1214
6.012069111479929,2000,1214
6.015695540078845,2000,1214
6.01932196867776,2000,1214
6.022948397276675,2000,1214
6.026574825875591,2000,1214
6.030201254474506,2000,1214
6.033827683073421,2000,1214
6.0374541116723375,2000,1214
6.041080540271253,2000,1214
6.044706968870168,2000,1213
6.048333397469083,2000,1213
6.051959826067999,2000,1213
6.055586254666914,2000,1212
6.059212683265829,2000,1212
6.062839111864745,2000,1212
6.0664655404636605,2000,1212
6.070091969062576,2000,1211
6.073718397661492,2000,1211
6.077344826260407,2000,1211
6.080971254859322,2000,1210
6.084597683458237,2000,1210
6.088224112057153,2000,1210
6.091850540656068,2000,1209
6.0954769692549835,2000,1209
6.0991033978538995,2000,1209
6.102729826452815,2000,1206
6.10635625505173,2000,1203
6.109982683650645,2000,1200
6.113609112249561,2000,1197
6.117235540848476,2000,1194
6.120861969447391,2000,1190
6.124488398046307,2000,1187
6.128114826645223,2000,1184
6.131741255244138,2000,1181
6.135367683843054,2000,1178
6.138994112441969,2000,1175
6.142620541040884,2000,1174
6.146246969639799,2000,1174
6.149873398238715,2000,1174
6.15349982683763,2000,1174
6.157126255436546,2000,1175
6.160752684035462,2000,1175
6.164379112634377,2000,1175
6.168005541233292,2000,1175
6.171631969832207,2000,1175
6.175258398431123,2000,1173
6.178884827030038,2000,1170
6.182511255628953,2000,1168
6.1861376842278695,2000,1165
6.189764112826785,2000,1162
6.1933905414257,2000,1160
6.197016970024616,2000,1157
6.200643398623531,2000,1154
6.204269827222446,2000,1152
6.207896255821361,2000,1152
6.211522684420277,2000,1153
6.2151491130191925,2000,1153
6.218775541618108,2000,1154
6.222401970217024,2000,1154
6.226028398815939,2000,1155
6.229654827414854,2000,1155
6.23328125601377,2000,1156
6.236907684612685,2000,1156
6.2405341132116,2000,1153
6.2441605418105155,2000,1151
6.2477869704094315,2000,1148
6.251413399008347,2000,1145
6.255039827607262,2000,1142
6.258666256206178,2000,1140
6.262292684805093,2000,1138
6.265919113404008,2000,1136
6.269545542002923,2000,1135
6.273171970601839,2000,1134
6.2767983992007546,2000,1132
6.28042482779967,2000,1131
6.284051256398586,2000,1130
6.287677684997501,2000,1128
6.291304113596416,2000,1127
6.294930542195332,2000,1125
6.298556970794247,2000,1124
6.302183399393162,2000,1123
6.305809827992078,2000,1121
6.309436256590994,2000,1120
6.313062685189909,2000,1119
6.316689113788824,2000,1118
6.32031554238774,2000,1118
6.323941970986655,2000,1119
6.32756839958557,2000,1120
6.331194828184485,2000,1120
6.3348212567834015,2000,1121
6.338447685382317,2000,1122
6.342074113981232,2000,1122
6.345700542580148,2000,1123
6.349326971179063,2000,1123
6.352953399777978,2000,1123
6.356579828376894,2000,1122
6.360206256975809,2000,1121
6.3638326855747245,2000,1120
6.36745911417364,2000,1119
6.371085542772556,2000,1119
6.374711971371471,2000,1118
6.378338399970386,2000,1117
6.381964828569302,2000,1116
6.385591257168217,2000,1116
6.389217685767132,2000,1115
6.392844114366048,2000,1114
6.3964705429649635,2000,1113
6.400096971563879,2000,1112
6.403723400162794,2000,1110
6.40734982876171,2000,1109
6.410976257360625,2000,1107
6.41460268595954,2000,1105
6.418229114558456,2000,1104
6.421855543157371,2000,1102
6.4254819717562865,2000,1101
6.429108400355202,2000,1099
6.432734828954118,2000,1099
6.436361257553033,2000,1099
6.439987686151948,2000,1099
6.443614114750864,2000,1099
6.447240543349779,2000,1099
6.450866971948694,2000,1099
6.4544934005476104,2000,1099
6.458119829146526,2000,1099
6.461746257745441,2000,1098
6.465372686344356,2000,1097
6.468999114943272,2000,1096
6.472625543542187,2000,1096
6.476251972141102,2000,1095
6.479878400740018,2000,1094
6.4835048293389335,2000,1093
6.487131257937849,2000,1092
6.490757686536764,2000,1091
6.49438411513568,2000,1091
6.498010543734595,2000,1090
6.50163697233351,2000,1089
6.505263400932426,2000,1088
6.508889829531341,2000,1087
6.5125162581302565,2000,1086
6.5161426867291725,2000,1086
6.519769115328088,2000,1083
6.523395543927003,2000,1081
6.527021972525918,2000,1079
6.530648401124834,2000,1077
6.534274829723749,2000,1075
6.537901258322664,2000,1073
6.54152768692158,2000,1072
6.5451541155204955,2000,1074
6.548780544119411,2000,1075
6.552406972718327,2000,1076
6.556033401317242,2000,1078
6.559659829916157,2000,1079
6.563286258515072,2000,1081
6.566912687113988,2000,1082
6.570539115712903,2000,1084
6.5741655443118185,2000,1084
6.577791972910735,2000,1082
6.58141840150965,2000,1081
6.585044830108565,2000,1080
6.58867125870748,2000,1078
6.592297687306396,2000,1077
6.595924115905311,2000,1076
6.599550544504226,2000,1074
6.6031769731031424,2000,1073
6.606803401702058,2000,1071
6.610429830300973,2000,1069
6.614056258899889,2000,1067
6.617682687498804,2000,1065
6.621309116097719,2000,1063
6.624935544696634,2000,1061
6.62856197329555,2000,1060
6.6321884018944655,2000,1058
6.635814830493381,2000,1056
6.639441259092297,2000,1055
6.643067687691212,2000,1054
6.646694116290127,2000,1053
6.650320544889042,2000,1052
6.653946973487958,2000,1052
6.657573402086873,2000,1051
6.6611998306857885,2000,1050
6.6648262592847045,2000,1049
6.66845268788362,2000,1048
6.672079116482535,2000,1047
6.675705545081451,2000,1045
6.679331973680366,2000,1044
6.682958402279281,2000,1042
6.686584830878196,2000,1041
6.690211259477112,2000,1039
6.6938376880760275,2000,1037
6.697464116674943,2000,1036
6.701090545273859,2000,1034
6.704716973872774,2000,1033
6.708343402471689,2000,1031
6.711969831070605,2000,1030
6.71559625966952,2000,1028
6.719222688268435,2000,1027
6.7228491168673505,2000,1025
6.726475545466267,2000,1023
6.730101974065182,2000,1022
6.733728402664097,2000,1020
6.737354831263013,2000,1019
6.740981259861928,2000,1018
6.744607688460843,2000,1018
6.748234117059758,2000,1018
6.751860545658674,2000,1018
6.75548697425759,2000,1018
6.759113402856505,2000,1018
6.762739831455421,2000,1018
6.766366260054336,2000,1018
6.769992688653251,2000,1018
6.773619117252167,2000,1018
6.777245545851082,2000,1017
6.7808719744499975,2000,1016
6.784498403048913,2000,1015
6.788124831647829,2000,1014
6.791751260246744,2000,1013
6.795377688845659,2000,1012
6.799004117444575,2000,1011
6.80263054604349,2000,1010
6.806256974642405,2000,1009
6.8098834032413205,2000,1008
6.8135098318402365,2000,1008
6.817136260439152,2000,1009
6.820762689038067,2000,1009
6.824389117636983,2000,1010
6.828015546235898,2000,1011
6.831641974834813,2000,1012
6.835268403433729,2000,1013
6.838894832032644,2000,1013
6.8425212606315595,2000,1014
6.846147689230475,2000,1014
6.849774117829391,2000,1013
6.853400546428306,2000,1011
6.857026975027221,2000,1010
6.860653403626137,2000,1009
6.864279832225052,2000,1008
6.867906260823967,2000,1006
6.871532689422883,2000,1005
6.875159118021799,2000,1004
6.878785546620714,2000,1003
6.882411975219629,2000,1002
6.886038403818545,2000,1000
6.88966483241746,2000,999
6.893291261016375,2000,998
6.896917689615291,2000,997
6.900544118214206,2000,995
6.904170546813122,2000,995
6.907796975412037,2000,994
6.911423404010953,2000,993
6.915049832609868,2000,992
6.918676261208783,2000,991
6.922302689807699,2000,991
6.925929118406614,2000,990
6.9295555470055294,2000,989
6.9331819756044455,2000,988
6.936808404203361,2000,987
6.940434832802276,2000,986
6.944061261401191,2000,986
6.947687690000107,2000,985
6.951314118599022,2000,984
6.954940547197937,2000,983
6.958566975796853,2000,982
6.9621934043957685,2000,981
6.965819832994684,2000,981
6.969446261593599,2000,981
6.973072690192515,2000,981
6.97669911879143,2000,982
6.980325547390345,2000,982
6.983951975989261,2000,982
6.987578404588176,2000,983
6.9912048331870915,2000,983
6.994831261786008,2000,983
6.998457690384923,2000,983
7.002084118983838,2000,982
7.005710547582753,2000,982
7.009336976181669,2000,981
7.012963404780584,2000,980
7.016589833379499,2000,980
7.020216261978415,2000,979
7.023842690577331,2000,978
7.027469119176246,2000,978
7.031095547775162,2000,976
7.034721976374077,2000,975
7.038348404972992,2000,974
7.041974833571907,2000,973
7.045601262170823,2000,971
7.049227690769738,2000,970
7.052854119368654,2000,969
7.05648054796757,2000,967
7.060106976566485,2000,966
7.0637334051654,2000,965
7.067359833764315,2000,964
7.070986262363231,2000,962
7.074612690962146,2000,961
7.078239119561061,2000,961
7.0818655481599775,2000,961
7.085491976758893,2000,961
7.089118405357808,2000,961
7.092744833956724,2000,962
7.096371262555639,2000,962
7.099997691154554,2000,962
7.103624119753469,2000,962
7.107250548352385,2000,962
7.1108769769513005,2000,962
7.114503405550216,2000,961
7.118129834149132,2000,960
7.121756262748047,2000,959
7.125382691346962,2000,958
7.129009119945877,2000,957
7.132635548544793,2000,956
7.136261977143708,2000,955
7.1398884057426235,2000,954
7.1435148343415396,2000,953
7.147141262940455,2000,952
7.15076769153937,2000,951
7.154394120138286,2000,949
7.158020548737201,2000,948
7.161646977336116,2000,946
7.165273405935031,2000,945
7.168899834533947,2000,944
7.172526263132863,2000,942
7.176152691731778,2000,941
7.179779120330694,2000,940
7.183405548929609,2000,938
7.187031977528524,2000,937
7.19065840612744,2000,936
7.194284834726355,2000,934
7.19791126332527,2000,933
7.201537691924186,2000,931
7.205164120523102,2000,930
7.208790549122017,2000,929
7.212416977720932,2000,928
7.216043406319848,2000,928
7.219669834918763,2000,928
7.223296263517678,2000,928
7.226922692116593,2000,928
7.2305491207155095,2000,928
7.234175549314425,2000,928
7.23780197791334,2000,928
7.241428406512256,2000,928
7.245054835111171,2000,928
7.248681263710086,2000,928
7.252307692309002,2000,928
