t,q0,q1,q2,q3,q4,q5,qd0,qd1,qd2,qd3,qd4,qd5,ss,tsf,do
3049.299,0.021639905797245746, -1.741718636405821, -1.1169467017143768, -1.4144223335035528, 1.580281733662614, -0.010005775648674664,0.001557033509966868, -0.9999979208465678, -0.0012640848058656001, 0.0002634447194320515, -0.0002271753843387855, 0.0001225847390773925,1.0,1.0,769
3049.307,0.02164001454573765, -1.741788479646254, -1.1169467900023395, -1.4144223151036819, 1.580281717795916, -0.01000576708694112,0.001557033509966868, -0.9999979208465679, -0.0012640848058656003, 0.0002634447194320515, -0.00022717538433878547, 0.0001225847390773925,1.0,1.0,769
3049.315,0.021640262432368763, -1.7419476837443888, -1.1169469912502397, -1.4144222731621152, 1.5802816816285887, -0.010005747570907886,0.0015570335099668682, -0.999997920846568, -0.0012640848058656006, 0.0002634447194320516, -0.00022717538433878552, 0.00012258473907739254,1.0,1.0,769
3049.323,0.02164064945713909, -1.7421962487002265, -1.1169473054580763, -1.4144222076788546, 1.580281625160632, -0.010005717100574074,0.0015570335099668682, -0.999997920846568, -0.0012640848058656006, 0.0002634447194320516, -0.00022717538433878552, 0.00012258473907739254,1.0,1.0,769
3049.3309999999997,0.021641175620048626, -1.7425341745137661, -1.1169477326258512, -1.4144221186538983, 1.5802815483920458, -0.010005675675940573,0.0015570335099668682, -0.999997920846568, -0.0012640848058656006, 0.0002634447194320516, -0.0002271753843387855, 0.0001225847390773925,1.0,1.0,769
3049.339,0.021641840921097374, -1.7429614611850077, -1.1169482727535627, -1.4144220060872472, 1.58028145132283, -0.010005623297006494,0.001557033509966868, -0.9999979208465678, -0.0012640848058656003, 0.0002634447194320515, -0.00022717538433878547, 0.0001225847390773925,1.0,1.0,769
3049.3469999999998,0.021642645360285335, -1.7434781087139513, -1.1169489258412124, -1.4144218699789004, 1.580281333952985, -0.010005559963771837,0.001557033509966868, -0.9999979208465678, -0.0012640848058656003, 0.0002634447194320515, -0.00022717538433878547, 0.0001225847390773925,1.0,1.0,769
3049.355,0.021643588937612507, -1.7440841171005976, -1.1169496918887987, -1.4144217103288597, 1.5802811962825107, -0.010005485676237491,0.001557033509966868, -0.9999979208465679, -0.0012640848058656006, 0.0002634447194320515, -0.0002271753843387855, 0.0001225847390773925,1.0,1.0,769
3049.363,0.021644671653078887, -1.744779486344946, -1.1169505708963223, -1.4144215271371232, 1.580281038311407, -0.010005400434403455,0.0015570335099668678, -0.9999979208465678, -0.0012640848058656001, 0.0002634447194320515, -0.00022717538433878544, 0.0001225847390773925,1.0,1.0,769
3049.3709999999996,0.021645893506684482, -1.7455642164469953, -1.1169515628637834, -1.414421320403692, 1.5802808600396738, -0.010005304238267954,0.0015570335099668682, -0.999997920846568, -0.0012640848058656006, 0.0002634447194320516, -0.0002271753843387855, 0.0001225847390773925,1.0,1.0,769
3049.379,0.021647254498429285, -1.7464383074067475, -1.1169526677911819, -1.414421090128565, 1.5802806614673113, -0.01000519708783365,0.0015570335099668678, -0.9999979208465678, -0.0012640848058656003, 0.0002634447194320515, -0.00022717538433878547, 0.0001225847390773925,1.0,1.0,769
3049.3869999999997,0.0216487546283133, -1.7474017592242017, -1.1169538856785177, -1.4144208363117432, 1.580280442594319, -0.010005078983097881,0.0015570335099668678, -0.9999979208465677, -0.0012640848058656003, 0.0002634447194320515, -0.00022717538433878544, 0.00012258473907739248,1.0,1.0,769
3049.395,0.021650393896336526, -1.7484545718993587, -1.116955216525791, -1.4144205589532266, 1.5802802034206977, -0.010004949924062423,0.001557033509966868, -0.9999979208465678, -0.0012640848058656003, 0.0002634447194320515, -0.00022717538433878547, 0.0001225847390773925,1.0,1.0,769
3049.403,0.021652172302498964, -1.7495967454322177, -1.1169566603330017, -1.4144202580530152, 1.580279943946447, -0.010004809910727275,0.0015570335099668682, -0.999997920846568, -0.0012640848058656003, 0.0002634447194320516, -0.00022717538433878552, 0.00012258473907739254,1.0,1.0,769
3049.411,0.02165408984680061, -1.7508282798227777, -1.1169582171001498, -1.414419933611109, 1.5802796641715668, -0.010004658943091549,0.001557033509966868, -0.9999979208465679, -0.0012640848058656003, 0.0002634447194320515, -0.00022717538433878547, 0.0001225847390773925,1.0,1.0,769
3049.419,0.02165614652924147, -1.7521491750710405, -1.1169598868272343, -1.414419585627508, 1.5802793640960573, -0.010004497021155245,0.0015570335099668678, -0.9999979208465679, -0.0012640848058656003, 0.0002634447194320515, -0.0002271753843387855, 0.0001225847390773925,1.0,1.0,769
3049.4269999999997,0.02165834234982154, -1.7535594311770053, -1.1169616695142572, -1.4144192141022112, 1.5802790437199181, -0.010004324144919252,0.001557033509966868, -0.9999979208465679, -0.0012640848058656006, 0.0002634447194320516, -0.00022717538433878552, 0.00012258473907739254,1.0,1.0,769
3049.435,0.021660677308540825, -1.755059048140673, -1.1169635651612166, -1.4144188190352196, 1.5802787030431498, -0.010004140314382681,0.001557033509966868, -0.9999979208465679, -0.0012640848058656003, 0.0002634447194320515, -0.0002271753843387855, 0.0001225847390773925,1.0,1.0,769
3049.4429999999998,0.021663151405399317, -1.7566480259620416, -1.1169655737681135, -1.4144184004265323, 1.580278342065752, -0.010003945529545533,0.0015570335099668682, -0.999997920846568, -0.0012640848058656006, 0.0002634447194320516, -0.00022717538433878552, 0.0001225847390773925,1.0,1.0,769
3049.451,0.02166576464039702, -1.7583263646411131, -1.1169676953349477, -1.4144179582761502, 1.5802779607877249, -0.010003739790408694,0.001557033509966868, -0.9999979208465679, -0.0012640848058656006, 0.0002634447194320516, -0.0002271753843387855, 0.0001225847390773925,1.0,1.0,769
3049.459,0.021668517013533936, -1.7600940641778866, -1.1169699298617193, -1.4144174925840742, 1.5802775592090683, -0.010003523096972167,0.0015570335099668682, -0.999997920846568, -0.0012640848058656003, 0.0002634447194320516, -0.00022717538433878552, 0.0001225847390773925,1.0,1.0,769
3049.4669999999996,0.02167140852481006, -1.7619511245723611, -1.1169722773484283, -1.4144170033503025, 1.5802771373297821, -0.010003295449235061,0.001557033509966868, -0.9999979208465679, -0.0012640848058656003, 0.0002634447194320515, -0.0002271753843387855, 0.0001225847390773925,1.0,1.0,769
3049.475,0.021674439174225398, -1.7638975458245394, -1.1169747377950747, -1.414416490574835, 1.5802766951498668, -0.010003056847197378,0.001557033509966868, -0.9999979208465679, -0.0012640848058656003, 0.0002634447194320516, -0.0002271753843387855, 0.0001225847390773925,1.0,1.0,769
3049.4829999999997,0.02167760896177995, -1.7659333279344187, -1.1169773112016586, -1.4144159542576737, 1.580276232669322, -0.010002807290860005,0.0015570335099668682, -0.9999979208465679, -0.0012640848058656006, 0.0002634447194320516, -0.0002271753843387855, 0.0001225847390773925,1.0,1.0,769
3049.491,0.021680917887473707, -1.7680584709020009, -1.1169799975681798, -1.4144153943988167, 1.5802757498881477, -0.010002546780222055,0.0015570335099668682, -0.999997920846568, -0.0012640848058656006, 0.0002634447194320516, -0.00022717538433878552, 0.00012258473907739254,1.0,1.0,769
3049.499,0.021684365951306676, -1.770272974727284, -1.1169827968946375, -1.4144148109982648, 1.5802752468063441, -0.010002275315283526,0.0015570335099668678, -0.9999979208465679, -0.0012640848058656003, 0.0002634447194320515, -0.0002271753843387855, 0.0001225847390773925,1.0,1.0,769
3049.507,0.021687953153278858, -1.77257683941027, -1.1169857091810336, -1.4144142040560181, 1.5802747234239112, -0.010001992896045309,0.0015570335099668675, -0.9999979208465678, -0.0012640848058656001, 0.0002634447194320515, -0.00022717538433878544, 0.00012258473907739248,1.0,1.0,769
3049.515,0.02169167949339025, -1.774970064950958, -1.1169887344273661, -1.4144135735720758, 1.5802741797408488, -0.010001699522507401,0.0015570335099668682, -0.9999979208465679, -0.0012640848058656003, 0.0002634447194320516, -0.0002271753843387855, 0.00012258473907739254,1.0,1.0,769
3049.5229999999997,0.021695544971640855, -1.777452651349349, -1.116991872633637, -1.4144129195464386, 1.5802736157571569, -0.010001395194668916,0.001557033509966868, -0.9999979208465679, -0.0012640848058656003, 0.0002634447194320515, -0.00022717538433878547, 0.00012258473907739248,1.0,1.0,769
3049.531,0.02169954958803067, -1.7800245986054408, -1.1169951237998443, -1.4144122419791065, 1.5802730314728357, -0.010001079912529853,0.0015570335099668682, -0.999997920846568, -0.0012640848058656003, 0.0002634447194320515, -0.0002271753843387855, 0.0001225847390773925,1.0,1.0,769
3049.5389999999998,0.021703693342559695, -1.7826859067192355, -1.116998487925989, -1.4144115408700797, 1.5802724268878852, -0.010000753676091101,0.0015570335099668678, -0.9999979208465677, -0.0012640848058656003, 0.0002634447194320515, -0.00022717538433878544, 0.00012258473907739248,1.0,1.0,769
3049.547,0.021707976235227935, -1.7854365756907322, -1.1170019650120713, -1.4144108162193572, 1.580271802002305, -0.01000041648535177,0.0015570335099668678, -0.9999979208465678, -0.0012640848058656003, 0.0002634447194320516, -0.0002271753843387855, 0.0001225847390773925,1.0,1.0,769
3049.555,0.021712398266035382, -1.7882766055199308, -1.1170055550580908, -1.4144100680269407, 1.5802711568160956, -0.010000068340311863,0.001557033509966868, -0.9999979208465679, -0.0012640848058656003, 0.0002634447194320516, -0.00022717538433878547, 0.0001225847390773925,1.0,1.0,769
3049.5629999999996,0.02171695943498204, -1.7912059962068314, -1.1170092580640478, -1.4144092962928285, 1.580270491329257, -0.009999709240972265,0.001557033509966868, -0.9999979208465679, -0.0012640848058656003, 0.0002634447194320515, -0.00022717538433878547, 0.0001225847390773925,1.0,1.0,769
3049.571,0.02172165974206791, -1.794224747751434, -1.1170130740299422, -1.4144085010170215, 1.5802698055417885, -0.009999339187332978,0.0015570335099668678, -0.9999979208465678, -0.0012640848058656003, 0.0002634447194320515, -0.0002271753843387855, 0.0001225847390773925,1.0,1.0,769
3049.5789999999997,0.021726499187292993, -1.7973328601537393, -1.117017002955773, -1.4144076821995188, 1.580269099453691, -0.009998958179392226,0.001557033509966868, -0.9999979208465679, -0.0012640848058656003, 0.0002634447194320515, -0.0002271753843387855, 0.0001225847390773925,1.0,1.0,769
3049.587,0.021731477770657287, -1.8005303334137466, -1.1170210448415423, -1.4144068398403213, 1.580268373064964, -0.009998566217152671,0.0015570335099668678, -0.9999979208465678, -0.0012640848058656003, 0.0002634447194320515, -0.00022717538433878544, 0.00012258473907739248,1.0,1.0,769
3049.595,0.02173659549216079, -1.8038171675314558, -1.117025199687248, -1.414405973939429, 1.5802676263756075, -0.009998163300611651,0.001557033509966868, -0.9999979208465679, -0.0012640848058656006, 0.0002634447194320516, -0.0002271753843387855, 0.0001225847390773925,1.0,1.0,769
3049.603,0.021741852351803505, -1.807193362506867, -1.117029467492892, -1.4144050844968419, 1.5802668593856217, -0.009997749429770941,0.001557033509966868, -0.9999979208465679, -0.0012640848058656003, 0.0002634447194320515, -0.0002271753843387855, 0.0001225847390773925,1.0,1.0,769
3049.611,0.02174724834958543, -1.8106589183399802, -1.1170338482584725, -1.41440417151256, 1.5802660720950064, -0.009997324604630542,0.001557033509966868, -0.9999979208465679, -0.0012640848058656006, 0.0002634447194320515, -0.0002271753843387855, 0.0001225847390773925,1.0,1.0,769
3049.6189999999997,0.021752783485506567, -1.8142138350307953, -1.1170383419839904, -1.4144032349865823, 1.5802652645037618, -0.009996888825189565,0.001557033509966868, -0.9999979208465679, -0.0012640848058656003, 0.0002634447194320515, -0.00022717538433878547, 0.0001225847390773925,1.0,1.0,769
3049.627,0.021758457759566915, -1.8178581125793132, -1.1170429486694466, -1.4144022749189098, 1.5802644366118879, -0.00999644209144801,0.0015570335099668682, -0.999997920846568, -0.0012640848058656003, 0.0002634447194320516, -0.0002271753843387855, 0.0001225847390773925,1.0,1.0,769
3049.6349999999998,0.021764271171766474, -1.821591750985533, -1.1170476683148394, -1.4144012913095425, 1.5802635884193843, -0.009995984403406766,0.001557033509966868, -0.9999979208465679, -0.0012640848058656003, 0.0002634447194320515, -0.0002271753843387855, 0.0001225847390773925,1.0,1.0,769
3049.643,0.021770223722105245, -1.8254147502494549, -1.1170525009201695, -1.4144002841584804, 1.5802627199262516, -0.009995515761064944,0.001557033509966868, -0.9999979208465679, -0.0012640848058656003, 0.0002634447194320515, -0.00022717538433878547, 0.00012258473907739248,1.0,1.0,769
3049.651,0.021776315410583228, -1.8293271103710786, -1.1170574464854361, -1.4143992534657226, 1.5802618311324892, -0.009995036164423432,0.0015570335099668678, -0.9999979208465678, -0.0012640848058656001, 0.0002634447194320515, -0.00022717538433878547, 0.0001225847390773925,1.0,1.0,769
3049.6589999999997,0.02178254623720042, -1.8333288313504053, -1.117062505010641, -1.41439819923127, 1.5802609220380976, -0.009994545613481343,0.0015570335099668682, -0.999997920846568, -0.0012640848058656008, 0.00026344471943205163, -0.00022717538433878552, 0.00012258473907739254,1.0,1.0,769
3049.667,0.021788916201956825, -1.837419913187433, -1.1170676764957834, -1.4143971214551225, 1.5802599926430765, -0.009994044108238676,0.001557033509966868, -0.9999979208465679, -0.0012640848058656003, 0.0002634447194320515, -0.0002271753843387855, 0.0001225847390773925,1.0,1.0,769
3049.6749999999997,0.02179542530485244, -1.8416003558821634, -1.1170729609408632, -1.4143960201372794, 1.5802590429474261, -0.009993531648696319,0.001557033509966868, -0.9999979208465679, -0.0012640848058656006, 0.0002634447194320516, -0.0002271753843387855, 0.0001225847390773925,1.0,1.0,769
3049.683,0.021802073545887264, -1.8458701594345959, -1.1170783583458794, -1.4143948952777414, 1.5802580729511462, -0.009993008234854273,0.0015570335099668678, -0.9999979208465679, -0.0012640848058656001, 0.0002634447194320515, -0.00022717538433878544, 0.0001225847390773925,1.0,1.0,769
3049.691,0.0218088609250613, -1.8502293238447303, -1.117083868710834, -1.4143937468765095, 1.580257082654237, -0.00999247386671076,0.001557033509966868, -0.9999979208465678, -0.0012640848058656001, 0.0002634447194320515, -0.0002271753843387855, 0.00012258473907739248,1.0,1.0,769
3049.699,0.02181578744237455, -1.8546778491125675, -1.117089492035725, -1.414392574933581, 1.5802560720566983, -0.009991928544268447,0.0015570335099668682, -0.999997920846568, -0.0012640848058656006, 0.0002634447194320516, -0.00022717538433878552, 0.0001225847390773925,1.0,1.0,769
3049.707,0.02182285309782701, -1.8592157352381058, -1.1170952283205535, -1.4143913794489587, 1.5802550411585303, -0.009991372267524667,0.0015570335099668678, -0.9999979208465678, -0.0012640848058656001, 0.00026344471943205147, -0.0002271753843387854, 0.00012258473907739248,1.0,1.0,769
3049.7149999999997,0.02183005789141868, -1.863842982221346, -1.1171010775653194, -1.4143901604226414, 1.5802539899597328, -0.009990805036481198,0.001557033509966868, -0.9999979208465679, -0.0012640848058656003, 0.0002634447194320516, -0.0002271753843387855, 0.0001225847390773925,1.0,1.0,769
3049.723,0.021837401823149562, -1.86855959006229, -1.1171070397700227, -1.4143889178546285, 1.580252918460306, -0.00999022685113804,0.001557033509966868, -0.9999979208465679, -0.0012640848058656003, 0.0002634447194320515, -0.0002271753843387855, 0.0001225847390773925,1.0,1.0,769
3049.7309999999998,0.021844884893019653, -1.8733655587609341, -1.1171131149346634, -1.4143876517449208, 1.5802518266602497, -0.009989637711493415,0.0015570335099668682, -0.999997920846568, -0.0012640848058656003, 0.0002634447194320516, -0.00022717538433878547, 0.0001225847390773925,1.0,1.0,769
3049.739,0.021852507101028956, -1.878260888317282, -1.1171193030592415, -1.4143863620935173, 1.5802507145595641, -0.00998903761754999,0.0015570335099668678, -0.9999979208465678, -0.0012640848058656001, 0.0002634447194320515, -0.00022717538433878547, 0.00012258473907739248,1.0,1.0,769
3049.747,0.02186026844717747, -1.883245578731331, -1.117125604143757, -1.414385048900419, 1.580249582158249, -0.009988426569305986,0.001557033509966868, -0.9999979208465679, -0.0012640848058656006, 0.0002634447194320516, -0.0002271753843387855, 0.0001225847390773925,1.0,1.0,769
3049.7549999999997,0.021868168931465197, -1.8883196300030827, -1.117132018188209, -1.4143837121656269, 1.5802484294563046, -0.009987804566761405,0.001557033509966868, -0.9999979208465679, -0.0012640848058656003, 0.0002634447194320515, -0.0002271753843387855, 0.0001225847390773925,1.0,1.0,769
3049.763,0.021876208553892135, -1.8934830421325355, -1.1171385451925993, -1.414382351889138, 1.5802472564537307, -0.009987171609916246,0.001557033509966868, -0.9999979208465679, -0.0012640848058656003, 0.0002634447194320515, -0.00022717538433878547, 0.0001225847390773925,1.0,1.0,769
3049.7709999999997,0.021884387314458284, -1.8987358151196911, -1.117145185156926, -1.4143809680709554, 1.5802460631505275, -0.009986527698771397,0.0015570335099668678, -0.9999979208465678, -0.0012640848058656003, 0.0002634447194320516, -0.00022717538433878547, 0.0001225847390773925,1.0,1.0,769
3049.779,0.02189270521316364, -1.9040779489645487, -1.1171519380811912, -1.4143795607110778, 1.5802448495466948, -0.009985872833326859,0.0015570335099668682, -0.999997920846568, -0.0012640848058656003, 0.0002634447194320515, -0.0002271753843387855, 0.0001225847390773925,1.0,1.0,769
3049.787,0.021901162250008214, -1.9095094436671092, -1.1171588039653928, -1.4143781298095046, 1.5802436156422328, -0.009985207013580855,0.001557033509966868, -0.9999979208465679, -0.0012640848058656006, 0.0002634447194320516, -0.0002271753843387855, 0.0001225847390773925,1.0,1.0,769
3049.795,0.021909758424991994, -1.9150302992273716, -1.1171657828095318, -1.4143766753662366, 1.5802423614371413, -0.009984530239536049,0.001557033509966868, -0.9999979208465679, -0.0012640848058656006, 0.0002634447194320516, -0.00022717538433878552, 0.0001225847390773925,1.0,1.0,769
3049.803,0.021918493738114986, -1.920640515645335, -1.1171728746136083, -1.4143751973812737, 1.5802410869314205, -0.009983842511189778,0.0015570335099668682, -0.999997920846568, -0.0012640848058656006, 0.0002634447194320516, -0.0002271753843387855, 0.00012258473907739254,1.0,1.0,769
3049.8109999999997,0.02192736818937719, -1.9263400929210013, -1.117180079377622, -1.4143736958546151, 1.5802397921250702, -0.009983143828544705,0.0015570335099668678, -0.9999979208465678, -0.0012640848058656003, 0.0002634447194320516, -0.0002271753843387855, 0.0001225847390773925,1.0,1.0,769
3049.819,0.021936381778778605, -1.9321290310543695, -1.1171873971015733, -1.4143721707862618, 1.5802384770180904, -0.009982434191598166,0.0015570335099668682, -0.999997920846568, -0.0012640848058656003, 0.0002634447194320515, -0.0002271753843387855, 0.0001225847390773925,1.0,1.0,769
3049.8269999999998,0.021945534506319232, -1.9380073300454397, -1.117194827785462, -1.4143706221762136, 1.5802371416104815, -0.009981713600351938,0.0015570335099668678, -0.9999979208465678, -0.0012640848058656003, 0.0002634447194320515, -0.00022717538433878544, 0.00012258473907739248,1.0,1.0,769
3049.835,0.021954826371999067, -1.9439749898942118, -1.117202371429288, -1.4143690500244706, 1.580235785902243, -0.009980982054805132,0.001557033509966868, -0.9999979208465679, -0.0012640848058656006, 0.0002634447194320516, -0.0002271753843387855, 0.0001225847390773925,1.0,1.0,769
3049.843,0.021964257375818117, -1.9500320106006868, -1.1172100280330506, -1.4143674543310318, 1.580234409893375, -0.009980239554958636,0.001557033509966868, -0.9999979208465679, -0.0012640848058656003, 0.0002634447194320515, -0.00022717538433878547, 0.0001225847390773925,1.0,1.0,769
3049.8509999999997,0.021973805305758425, -1.9561641265940652, -1.1172177795638225, -1.4143658388540956, 1.580233016824671, -0.009979487849556712,0.0015570335099668675, -0.9999979208465678, -0.0012640848058656001, 0.0002634447194320515, -0.00022717538433878544, 0.00012258473907739248,1.0,1.0,769
3049.859,0.021983264262486618, -1.962239099933445, -1.1172254588612835, -1.414364238431121, 1.5802316367373985, -0.009978743148987057,0.0015570335099668678, -0.999997920846568, -0.0012640848058656001, 0.0002634447194320515, -0.00022717538433878547, 0.00012258473907739254,1.0,1.0,769
3049.8669999999997,0.0219925840810756, -1.9682247124151226, -1.1172330251988072, -1.4143626615498421, 1.580230276950755, -0.009978009402717092,0.0015570335099668673, -0.9999979208465677, -0.0012640848058656001, 0.00026344471943205147, -0.00022717538433878544, 0.0001225847390773925,1.0,1.0,769
3049.875,0.022001764761525367, -1.9741209640390984, -1.1172404785763925, -1.4143611082102572, 1.5802289374647414, -0.009977286610747704,0.0015570335099668678, -0.999997920846568, -0.0012640848058656003, 0.0002634447194320516, -0.0002271753843387855, 0.00012258473907739254,1.0,1.0,769
3049.883,0.022010806303835926, -1.9799278548053714, -1.1172478189940414, -1.414359578412368, 1.5802276182793569, -0.009976574773078006,0.0015570335099668675, -0.9999979208465679, -0.0012640848058656001, 0.0002634447194320515, -0.00022717538433878547, 0.0001225847390773925,1.0,1.0,769
3049.891,0.022019708708007273, -1.9856453847139424, -1.1172550464517528, -1.4143580721561735, 1.5802263193946018, -0.009975873889708886,0.001557033509966868, -0.999997920846568, -0.0012640848058656003, 0.0002634447194320515, -0.00022717538433878552, 0.0001225847390773925,1.0,1.0,769
3049.899,0.022028471974039412, -1.9912735537648123, -1.1172621609495277, -1.4143565894416747, 1.5802250408104763, -0.009975183960639455,0.0015570335099668675, -0.9999979208465679, -0.0012640848058656001, 0.00026344471943205147, -0.00022717538433878544, 0.0001225847390773925,1.0,1.0,769
3049.9069999999997,0.022037096101932337, -1.9968123619579794, -1.1172691624873643, -1.41435513026887, 1.58022378252698, -0.009974504985870603,0.0015570335099668675, -0.9999979208465679, -0.0012640848058656, 0.00026344471943205147, -0.00022717538433878544, 0.0001225847390773925,1.0,1.0,769
3049.915,0.02204558109168605, -2.0022618092934445, -1.1172760510652644, -1.4143536946377608, 1.5802225445441132, -0.009973836965402327,0.0015570335099668678, -0.9999979208465679, -0.0012640848058656003, 0.0002634447194320515, -0.00022717538433878547, 0.0001225847390773925,1.0,1.0,769
3049.923,0.022053926943300554, -2.007621895771207, -1.1172828266832262, -1.4143522825483466, 1.5802213268618757, -0.009973179899233742,0.0015570335099668675, -0.9999979208465679, -0.0012640848058656003, 0.0002634447194320515, -0.00022717538433878547, 0.0001225847390773925,1.0,1.0,769
3049.931,0.022062133656775847, -2.012892621391268, -1.1172894893412515, -1.414350894000627, 1.5802201294802678, -0.009972533787365734,0.0015570335099668675, -0.9999979208465678, -0.0012640848058656001, 0.0002634447194320515, -0.00022717538433878547, 0.0001225847390773925,1.0,1.0,769
3049.939,0.022070201232111925, -2.0180739861536274, -1.1172960390393385, -1.4143495289946033, 1.5802189523992893, -0.009971898629797415,0.0015570335099668678, -0.9999979208465679, -0.0012640848058656003, 0.0002634447194320515, -0.00022717538433878544, 0.0001225847390773925,1.0,1.0,769
3049.9469999999997,0.022078129669308794, -2.023165990058283, -1.117302475777489, -1.4143481875302744, 1.5802177956189398, -0.009971274426529675,0.0015570335099668678, -0.999997920846568, -0.0012640848058656003, 0.0002634447194320515, -0.0002271753843387855, 0.00012258473907739254,1.0,1.0,769
3049.955,0.022085918968366456, -2.0281686331052384, -1.117308799555702, -1.4143468696076402, 1.5802166591392202, -0.009970661177561624,0.0015570335099668675, -0.9999979208465678, -0.0012640848058656, 0.0002634447194320515, -0.00022717538433878547, 0.0001225847390773925,1.0,1.0,769
3049.9629999999997,0.022093569129284903, -2.03308191529449, -1.1173150103739768, -1.414345575226701, 1.5802155429601297, -0.00997005888289415,0.0015570335099668678, -0.9999979208465679, -0.0012640848058656003, 0.0002634447194320515, -0.00022717538433878547, 0.0001225847390773925,1.0,1.0,769
3049.971,0.022101080152064138, -2.03790583662604, -1.117321108232316, -1.4143443043874573, 1.5802144470816686, -0.009969467542527255,0.0015570335099668675, -0.999997920846568, -0.0012640848058656003, 0.0002634447194320515, -0.0002271753843387855, 0.0001225847390773925,1.0,1.0,769
3049.979,0.022108452036704165, -2.0426403970998885, -1.1173270931307169, -1.4143430570899085, 1.5802133715038371, -0.009968887156460049,0.0015570335099668678, -0.999997920846568, -0.0012640848058656003, 0.00026344471943205163, -0.0002271753843387855, 0.00012258473907739254,1.0,1.0,769
3049.987,0.02211568478320498, -2.0472855967160344, -1.1173329650691803, -1.4143418333340545, 1.5802123162266348, -0.00996831772469342,0.0015570335099668675, -0.9999979208465679, -0.0012640848058656003, 0.00026344471943205147, -0.00022717538433878547, 0.0001225847390773925,1.0,1.0,769
3049.995,0.022122778391566584, -2.0518414354744783, -1.1173387240477064, -1.4143406331198953, 1.5802112812500622, -0.009967759247226482,0.0015570335099668671, -0.9999979208465677, -0.0012640848058656, 0.00026344471943205147, -0.00022717538433878544, 0.00012258473907739248,1.0,1.0,769
3050.0029999999997,0.022129732861788973, -2.0563079133752202, -1.117344370066295, -1.414339456447431, 1.5802102665741187, -0.009967211724060121,0.0015570335099668678, -0.999997920846568, -0.0012640848058656003, 0.0002634447194320516, -0.00022717538433878547, 0.00012258473907739254,1.0,1.0,769
3050.011,0.022136548193872153, -2.0606850304182602, -1.1173499031249472, -1.4143383033166623, 1.5802092721988046, -0.009966675155194338,0.0015570335099668675, -0.9999979208465678, -0.0012640848058656003, 0.0002634447194320514, -0.00022717538433878544, 0.0001225847390773925,1.0,1.0,769
3050.019,0.022143224387816126, -2.0649727866035974, -1.117355323223661, -1.4143371737275885, 1.58020829812412, -0.009966149540628244,0.0015570335099668682, -0.999997920846568, -0.0012640848058656006, 0.0002634447194320516, -0.00022717538433878555, 0.00012258473907739254,1.0,1.0,769
3050.027,0.022149761443620884, -2.0691711819312335, -1.1173606303624384, -1.4143360676802104, 1.5802073443500648, -0.00996563488036184,0.0015570335099668675, -0.9999979208465679, -0.0012640848058656001, 0.0002634447194320515, -0.00022717538433878547, 0.00012258473907739254,1.0,1.0,769
3050.035,0.02215615936128643, -2.0732802164011668, -1.1173658245412783, -1.4143349851745262, 1.5802064108766392, -0.009965131174396014,0.0015570335099668675, -0.9999979208465679, -0.0012640848058656, 0.0002634447194320515, -0.00022717538433878547, 0.00012258473907739254,1.0,1.0,769
3050.0429999999997,0.022162418140812767, -2.077299890013398, -1.1173709057601808, -1.4143339262105377, 1.5802054977038427, -0.009964638422730765,0.0015570335099668675, -0.999997920846568, -0.0012640848058656003, 0.00026344471943205147, -0.00022717538433878544, 0.0001225847390773925,1.0,1.0,769
3050.051,0.022168537782199894, -2.0812302027679266, -1.117375874019146, -1.414332890788243, 1.5802046048316756, -0.009964156625366094,0.0015570335099668671, -0.9999979208465679, -0.0012640848058656, 0.00026344471943205147, -0.0002271753843387854, 0.0001225847390773925,1.0,1.0,769
3050.0589999999997,0.02217451828544781, -2.085071154664754, -1.1173807293181737, -1.4143318789076451, 1.5802037322601379, -0.009963685782301113,0.001557033509966868, -0.9999979208465679, -0.0012640848058656003, 0.0002634447194320516, -0.00022717538433878555, 0.00012258473907739254,1.0,1.0,769
3050.067,0.02218035965055651, -2.0888227457038786, -1.117385471657264, -1.414330890568741, 1.5802028799892298, -0.009963225893535821,0.0015570335099668678, -0.9999979208465679, -0.0012640848058656003, 0.0002634447194320516, -0.00022717538433878552, 0.00012258473907739254,1.0,1.0,769
3050.075,0.022186061877526003, -2.092484975885302, -1.117390101036417, -1.4143299257715327, 1.5802020480189511, -0.009962776959071107,0.0015570335099668673, -0.9999979208465679, -0.0012640848058656001, 0.00026344471943205147, -0.0002271753843387855, 0.00012258473907739257,1.0,1.0,769
3050.083,0.022191624966356283, -2.096057845209022, -1.1173946174556324, -1.4143289845160192, 1.5802012363493017, -0.00996233897890697,0.0015570335099668673, -0.9999979208465679, -0.0012640848058656, 0.00026344471943205147, -0.0002271753843387854, 0.0001225847390773925,1.0,1.0,769
3050.091,0.022197048917047355, -2.0995413536750407, -1.1173990209149114, -1.4143280668022005, 1.5802004449802818, -0.009961911953042524,0.0015570335099668673, -0.9999979208465679, -0.0012640848058656001, 0.0002634447194320515, -0.0002271753843387855, 0.0001225847390773925,1.0,1.0,769
3050.0989999999997,0.022202333729599212, -2.1029355012833575, -1.117403311414252, -1.4143271726300775, 1.5801996739118909, -0.009961495881478655,0.001557033509966867, -0.999997920846568, -0.0012640848058656, 0.0002634447194320514, -0.00022717538433878544, 0.00012258473907739248,1.0,1.0,769
3050.107,0.02220747940401186, -2.1062402880339715, -1.1174074889536563, -1.4143263019996484, 1.5801989231441298, -0.009961090764214475,0.001557033509966868, -0.999997920846568, -0.0012640848058656003, 0.0002634447194320516, -0.00022717538433878552, 0.00012258473907739257,1.0,1.0,769
3050.115,0.022212485940285298, -2.1094557139268844, -1.117411553533123, -1.414325454910915, 1.5801981926769981, -0.009960696601250874,0.0015570335099668678, -0.9999979208465679, -0.0012640848058656006, 0.0002634447194320516, -0.00022717538433878544, 0.00012258473907739257,1.0,1.0,769
3050.123,0.02221735333841952, -2.1125817789620944, -1.1174155051526515, -1.4143246313638773, 1.5801974825104956, -0.00996031339258785,0.0015570335099668673, -0.999997920846568, -0.0012640848058656003, 0.0002634447194320516, -0.00022717538433878552, 0.0001225847390773925,1.0,1.0,769
3050.131,0.022222081598414538, -2.1156184831396025, -1.1174193438122444, -1.4143238313585336, 1.5801967926446228, -0.009959941138224515,0.0015570335099668671, -0.9999979208465679, -0.0012640848058656, 0.0002634447194320514, -0.00022717538433878544, 0.00012258473907739254,1.0,1.0,769
3050.1389999999997,0.02222667072027034, -2.118565826459408, -1.117423069511898, -1.4143230548948846, 1.580196123079379, -0.009959579838161758,0.0015570335099668671, -0.9999979208465678, -0.0012640848058656001, 0.0002634447194320514, -0.00022717538433878533, 0.00012258473907739246,1.0,1.0,769
3050.147,0.022231120703986935, -2.121423808921512, -1.1174266822516152, -1.4143223019729314, 1.580195473814765, -0.009959229492398691,0.0015570335099668671, -0.9999979208465679, -0.0012640848058655997, 0.0002634447194320514, -0.00022717538433878544, 0.00012258473907739248,1.0,1.0,769
3050.1549999999997,0.02223543154956431, -2.1241924305259143, -1.117430182031395, -1.414321572592673, 1.58019484485078, -0.009958890100936202,0.0015570335099668673, -0.9999979208465678, -0.0012640848058656001, 0.0002634447194320516, -0.00022717538433878547, 0.00012258473907739257,1.0,1.0,769
3050.163,0.022239603257002482, -2.1268716912726138, -1.1174335688512382, -1.4143208667541103, 1.5801942361874248, -0.009958561663773402,0.0015570335099668678, -0.999997920846568, -0.0012640848058656008, 0.0002634447194320515, -0.00022717538433878544, 0.00012258473907739254,1.0,1.0,769
3050.171,0.02224363582630144, -2.1294615911616113, -1.1174368427111432, -1.4143201844572424, 1.580193647824699, -0.00995824418091118,0.0015570335099668675, -0.9999979208465679, -0.0012640848058656001, 0.00026344471943205147, -0.00022717538433878552, 0.00012258473907739254,1.0,1.0,769
3050.179,0.022247529257461193, -2.131962130192906, -1.1174400036111116, -1.4143195257020693, 1.5801930797626023, -0.009957937652349536,0.0015570335099668667, -0.9999979208465678, -0.0012640848058655997, 0.00026344471943205147, -0.0002271753843387854, 0.00012258473907739246,1.0,1.0,769
3050.187,0.022251283550481726, -2.1343733083664995, -1.1174430515511418, -1.414318890488591, 1.580192532001135, -0.00995764207808758,0.001557033509966867, -0.9999979208465679, -0.0012640848058656001, 0.0002634447194320513, -0.00022717538433878533, 0.00012258473907739248,1.0,1.0,769
3050.1949999999997,0.02225489870536305, -2.136695125682391, -1.1174459865312354, -1.4143182788168076, 1.580192004540297, -0.009957357458126204,0.0015570335099668667, -0.9999979208465678, -0.0012640848058655995, 0.0002634447194320513, -0.0002271753843387854, 0.00012258473907739248,1.0,1.0,769
3050.203,0.022258374722105168, -2.13892758214058, -1.1174488085513907, -1.414317690686719, 1.5801914973800888, -0.009957083792464516,0.0015570335099668675, -0.999997920846568, -0.0012640848058656003, 0.0002634447194320516, -0.00022717538433878555, 0.00012258473907739257,1.0,1.0,769
3050.211,0.02226171160070807, -2.141070677741067, -1.1174515176116095, -1.414317126098327, 1.58019101052051, -0.009956821081103406,0.001557033509966867, -0.9999979208465677, -0.0012640848058655995, 0.0002634447194320515, -0.00022717538433878539, 0.00012258473907739254,1.0,1.0,769
3050.219,0.02226490934117176, -2.1431244124838518, -1.117454113711891, -1.414316585051628, 1.5801905439615602, -0.009956569324041986,0.0015570335099668671, -0.9999979208465678, -0.0012640848058656, 0.00026344471943205136, -0.00022717538433878552, 0.00012258473907739246,1.0,1.0,769
3050.227,0.022267967943496243, -2.1450887863689347, -1.117456596852235, -1.4143160675466255, 1.5801900977032401, -0.009956328521281144,0.0015570335099668673, -0.999997920846568, -0.0012640848058655997, 0.0002634447194320514, -0.00022717538433878547, 0.0001225847390773925,1.0,1.0,769
3050.2349999999997,0.022270887407681513, -2.1469637993963158, -1.1174589670326416, -1.414315573583318, 1.5801896717455493, -0.009956098672820879,0.0015570335099668671, -0.9999979208465679, -0.001264084805865599, 0.0002634447194320514, -0.0002271753843387853, 0.0001225847390773925,1.0,1.0,769
3050.243,0.022273667733727572, -2.148749451565994, -1.1174612242531108, -1.4143151031617043, 1.580189266088488, -0.009955879778660304,0.0015570335099668654, -0.9999979208465679, -0.0012640848058655995, 0.0002634447194320514, -0.00022717538433878522, 0.00012258473907739243,1.0,1.0,769
3050.2509999999997,0.02227630892163442, -2.15044574287797, -1.1174633685136435, -1.4143146562817872, 1.580188880732056, -0.009955671838800306,0.0015570335099668667, -0.9999979208465678, -0.0012640848058656001, 0.0002634447194320514, -0.00022717538433878555, 0.00012258473907739257,1.0,1.0,769
3050.259,0.022278810971402056, -2.1520526733322445, -1.1174653998142379, -1.414314232943564, 1.5801885156762534, -0.009955474853239998,0.001557033509966867, -0.9999979208465679, -0.0012640848058655997, 0.00026344471943205147, -0.00022717538433878544, 0.00012258473907739248,1.0,1.0,769
3050.267,0.022281173883030483, -2.153570242928817, -1.1174673181548958, -1.4143138331470357, 1.5801881709210803, -0.009955288821980268,0.001557033509966867, -0.999997920846568, -0.0012640848058656003, 0.0002634447194320515, -0.00022717538433878533, 0.00012258473907739254,1.0,1.0,769
3050.2749999999996,0.0222833976565197, -2.1549984516676863, -1.1174691235356153, -1.4143134568922031, 1.5801878464665364, -0.009955113745020228,0.001557033509966867, -0.999997920846568, -0.0012640848058655995, 0.00026344471943205125, -0.00022717538433878547, 0.00012258473907739257,1.0,1.0,769
3050.283,0.0222854822918697, -2.156337299548854, -1.1174708159563984, -1.4143131041790653, 1.5801875423126224, -0.009954949622361653,0.001557033509966867, -0.999997920846568, -0.0012640848058655988, 0.00026344471943205125, -0.0002271753843387853, 0.00012258473907739243,1.0,1.0,769
3050.2909999999997,0.022287427789080494, -2.1575867865723204, -1.1174723954172432, -1.4143127750076232, 1.5801872584593373, -0.00995479645400188,0.0015570335099668662, -0.9999979208465679, -0.001264084805865601, 0.00026344471943205163, -0.00022717538433878547, 0.00012258473907739265,1.0,1.0,769
3050.299,0.022289234148152075, -2.158746912738084, -1.1174738619181515, -1.414312469377875, 1.5801869949066818, -0.009954654239942684,0.001557033509966866, -0.9999979208465679, -0.0012640848058656003, 0.00026344471943205163, -0.00022717538433878566, 0.0001225847390773925,1.0,1.0,769
3050.307,0.022290901369084442, -2.1598176780461458, -1.1174752154591223, -1.4143121872898226, 1.5801867516546557, -0.009954522980184066,0.0015570335099668658, -0.9999979208465679, -0.0012640848058655992, 0.00026344471943205125, -0.00022717538433878547, 0.00012258473907739254,1.0,1.0,769
3050.315,0.022292429451877604, -2.1607990824965055, -1.1174764560401558, -1.414311928743465, 1.5801865287032588, -0.009954402674725138,0.0015570335099668656, -0.9999979208465678, -0.0012640848058656, 0.00026344471943205125, -0.00022717538433878522, 0.0001225847390773926,1.0,1.0,769
3050.323,0.02229381839653155, -2.1616911260891634, -1.1174775836612518, -1.414311693738802, 1.5801863260524915, -0.009954293323566787,0.0015570335099668656, -0.9999979208465679, -0.0012640848058655988, 0.0002634447194320513, -0.0002271753843387855, 0.0001225847390773924,1.0,1.0,769
3050.3309999999997,0.02229506820304629, -2.1624938088241183, -1.1174785983224105, -1.414311482275835, 1.5801861437023534, -0.009954194926709015,0.0015570335099668654, -0.9999979208465678, -0.0012640848058655975, 0.0002634447194320513, -0.0002271753843387852, 0.00012258473907739246,1.0,1.0,769
3050.339,0.022296178871421813, -2.1632071307013714, -1.1174795000236326, -1.4143112943545617, 1.580185981652845, -0.009954107484150931,0.0015570335099668693, -0.9999979208465679, -0.0012640848058656016, 0.0002634447194320514, -0.0002271753843387855, 0.00012258473907739254,1.0,1.0,769
3050.3469999999998,0.02229715040165813, -2.1638310917209225, -1.1174802887649165, -1.4143111299749842, 1.5801858399039659, -0.009954030995893426,0.0015570335099668636, -0.9999979208465679, -0.0012640848058656001, 0.0002634447194320514, -0.00022717538433878511, 0.00012258473907739262,1.0,1.0,769
3050.355,0.022297982793755233, -2.1643656918827716, -1.1174809645462638, -1.4143109891371015, 1.580185718455716, -0.00995396546193561,0.001557033509966863, -0.9999979208465679, -0.0012640848058655984, 0.00026344471943205147, -0.00022717538433878552, 0.00012258473907739273,1.0,1.0,769
3050.363,0.022298676047713125, -2.164810931186918, -1.1174815273676728, -1.4143108718409145, 1.5801856173080957, -0.009953910882278372,0.001557033509966862, -0.9999979208465679, -0.0012640848058656, 0.0002634447194320505, -0.00022717538433878503, 0.00012258473907739238,1.0,1.0,769
3050.3709999999996,0.022299230163531802, -2.1651668096333623, -1.1174819772291453, -1.4143107780864224, 1.5801855364611048, -0.009953867256920823,0.0015570335099668604, -0.9999979208465678, -0.0012640848058655964, 0.0002634447194320503, -0.00022717538433878422, 0.00012258473907739248,1.0,1.0,769
3050.379,0.022299645141211275, -2.1654333272221056, -1.1174823141306796, -1.414310707873625, 1.5801854759147433, -0.009953834585863852,0.0015570335099668578, -0.9999979208465679, -0.001264084805865591, 0.00026344471943204995, -0.0002271753843387848, 0.00012258473907739173,1.0,1.0,769
3050.3869999999997,0.022299920980751536, -2.165610483953146, -1.1174825380722773, -1.4143106612025225, 1.5801854356690113, -0.009953812869107459,0.001557033509966872, -0.9999979208465678, -0.0012640848058655943, 0.0002634447194320527, -0.0002271753843387858, 0.0001225847390773932,1.0,1.0,769
3050.395,0.022300057682152583, -2.1656982798264846, -1.1174826490539376, -1.4143106380731147, 1.5801854157239084, -0.009953802106650755,0.0015570335099668018, -0.9999979208465679, -0.0012640848058656003, 0.00026344471943204594, -0.00022717538433878178, 0.00012258473907739574,1.0,1.0,769
3050.403,0.02230005524541442, -2.1656967148421202, -1.1174826470756605, -1.4143106384854027, 1.580185416079435, -0.009953802298493741,-0.0015570335099668758, 0.9999979208465679, 0.0012640848058656003, -0.0002634447194320516, 0.00022717538433878547, -0.0001225847390773925,1.0,1.0,769
3050.411,0.022299913670537044, -2.165605789000055, -1.117482532137446, -1.4143106624393855, 1.5801854367355912, -0.009953813444638193,-0.0015570335099668758, 0.9999979208465679, 0.0012640848058656003, -0.0002634447194320516, 0.0002271753843387855, -0.0001225847390773925,1.0,1.0,769
3050.419,0.02229963295752046, -2.1654255023002875, -1.117482304239295, -1.4143107099350631, 1.5801854776923765, -0.009953835545082335,-0.0015570335099668756, 0.9999979208465679, 0.0012640848058656003, -0.0002634447194320515, 0.00022717538433878547, -0.0001225847390773925,1.0,1.0,769
3050.4269999999997,0.022299213106364662, -2.1651558547428174, -1.1174819633812056, -1.4143107809724365, 1.5801855389497914, -0.009953868599826166,-0.0015570335099668756, 0.9999979208465679, 0.0012640848058656003, -0.0002634447194320516, 0.00022717538433878547, -0.0001225847390773925,1.0,1.0,769
3050.435,0.022298654117069657, -2.1647968463276452, -1.117481509563179, -1.4143108755515037, 1.5801856205078357, -0.009953912608870574,-0.0015570335099668758, 0.9999979208465679, 0.0012640848058656003, -0.0002634447194320515, 0.00022717538433878547, -0.0001225847390773925,1.0,1.0,769
3050.4429999999998,0.022297955989635437, -2.164348477054771, -1.1174809427852157, -1.4143109936722666, 1.5801857223665094, -0.00995396757221556,-0.0015570335099668756, 0.9999979208465679, 0.0012640848058656003, -0.0002634447194320515, 0.0002271753843387855, -0.0001225847390773925,1.0,1.0,769
3050.451,0.022297118724062006, -2.1638107469241943, -1.1174802630473142, -1.4143111353347244, 1.5801858445258123, -0.009954033489860237,-0.0015570335099668758, 0.9999979208465679, 0.0012640848058656006, -0.0002634447194320516, 0.0002271753843387855, -0.00012258473907739254,1.0,1.0,769
3050.459,0.022296142320349367, -2.1631836559359154, -1.1174794703494761, -1.4143113005388779, 1.5801859869857449, -0.009954110361804602,-0.001557033509966876, 0.999997920846568, 0.0012640848058656006, -0.0002634447194320516, 0.0002271753843387855, -0.0001225847390773925,1.0,1.0,769
3050.4669999999996,0.022295026778497515, -2.1624672040899355, -1.1174785646917007, -1.4143114892847262, 1.5801861497463068, -0.009954198188050434,-0.0015570335099668758, 0.9999979208465679, 0.0012640848058656003, -0.0002634447194320515, 0.00022717538433878547, -0.0001225847390773925,1.0,1.0,769
3050.475,0.02229377209850645, -2.161661391386253, -1.1174775460739879, -1.4143117015722684, 1.580186332807498, -0.009954296968595955,-0.0015570335099668758, 0.9999979208465681, 0.0012640848058656006, -0.0002634447194320516, 0.0002271753843387855, -0.00012258473907739254,1.0,1.0,769
3050.4829999999997,0.022292378280376175, -2.160766217824868, -1.1174764144963376, -1.4143119374015072, 1.5801865361693188, -0.009954406703441165,-0.0015570335099668758, 0.9999979208465679, 0.0012640848058656003, -0.0002634447194320516, 0.00022717538433878547, -0.0001225847390773925,1.0,1.0,769
3050.491,0.022290845324106693, -2.1597816834057806, -1.11747516995875, -1.41431219677244, 1.580186759831769, -0.009954527392586954,-0.001557033509966876, 0.999997920846568, 0.0012640848058656006, -0.0002634447194320516, 0.0002271753843387855, -0.00012258473907739254,1.0,1.0,769
3050.499,0.022289173229697996, -2.158707788128992, -1.117473812461225, -1.4143124796850683, 1.5801870037948482, -0.00995465903603332,-0.0015570335099668758, 0.9999979208465679, 0.0012640848058656003, -0.0002634447194320515, 0.00022717538433878547, -0.0001225847390773925,1.0,1.0,769
3050.507,0.022287361997150087, -2.1575445319945015, -1.1174723420037624, -1.4143127861393907, 1.5801872680585571, -0.009954801633779375,-0.0015570335099668756, 0.9999979208465679, 0.0012640848058656003, -0.0002634447194320515, 0.0002271753843387855, -0.0001225847390773925,1.0,1.0,769
3050.515,0.02228541162646297, -2.156291915002308, -1.1174707585863626, -1.4143131161354097, 1.5801875526228955, -0.009954955185826009,-0.0015570335099668758, 0.9999979208465679, 0.0012640848058656003, -0.0002634447194320516, 0.0002271753843387855, -0.0001225847390773925,1.0,1.0,769
3050.5229999999997,0.022283322117636638, -2.154949937152413, -1.1174690622090262, -1.4143134696731225, 1.5801878574878632, -0.009955119692172332,-0.0015570335099668758, 0.9999979208465679, 0.0012640848058656003, -0.0002634447194320516, 0.0002271753843387855, -0.0001225847390773925,1.0,1.0,769
3050.531,0.022281093470671098, -2.1535185984448155, -1.1174672528717515, -1.4143138467525311, 1.5801881826534603, -0.009955295152819232,-0.001557033509966876, 0.999997920846568, 0.0012640848058656006, -0.0002634447194320516, 0.00022717538433878552, -0.00012258473907739254,1.0,1.0,769
3050.5389999999998,0.022278725685566346, -2.1519978988795154, -1.1174653305745403, -1.4143142473736336, 1.5801885281196868, -0.009955481567765823,-0.0015570335099668756, 0.9999979208465679, 0.0012640848058656001, -0.0002634447194320515, 0.00022717538433878547, -0.0001225847390773925,1.0,1.0,769
3050.547,0.022276218762322383, -2.1503878384565134, -1.1174632953173917, -1.4143146715364328, 1.5801888938865427, -0.00995567893701299,-0.001557033509966876, 0.999997920846568, 0.0012640848058656006, -0.0002634447194320516, 0.00022717538433878552, -0.0001225847390773925,1.0,1.0,769
3050.555,0.022273572700939208, -2.1486884171758103, -1.1174611471003058, -1.4143151192409258, 1.5801892799540278, -0.009955887260560736,-0.001557033509966876, 0.9999979208465679, 0.0012640848058656006, -0.0002634447194320516, 0.0002271753843387855, -0.0001225847390773925,1.0,1.0,769
3050.5629999999996,0.022270787501416825, -2.1468996350374034, -1.1174588859232824, -1.4143155904871136, 1.5801896863221425, -0.009956106538408172,-0.0015570335099668756, 0.9999979208465679, 0.0012640848058656003, -0.0002634447194320516, 0.0002271753843387855, -0.0001225847390773925,1.0,1.0,769
3050.571,0.022267863163755227, -2.1450214920412964, -1.1174565117863207, -1.4143160852749972, 1.5801901129908866, -0.009956336770556184,-0.0015570335099668756, 0.9999979208465678, 0.0012640848058656003, -0.0002634447194320515, 0.00022717538433878547, -0.0001225847390773925,1.0,1.0,769
3050.5789999999997,0.02226479968795442, -2.1430539881874857, -1.1174540246894225, -1.4143166036045756, 1.5801905599602601, -0.009956577957003887,-0.001557033509966876, 0.999997920846568, 0.0012640848058656006, -0.0002634447194320516, 0.00022717538433878552, -0.0001225847390773925,1.0,1.0,769
3050.587,0.0222615970740144, -2.140997123475974, -1.1174514246325877, -1.4143171454758496, 1.580191027230263, -0.009956830097752167,-0.0015570335099668758, 0.9999979208465679, 0.0012640848058656003, -0.0002634447194320515, 0.00022717538433878547, -0.0001225847390773925,1.0,1.0,769
3050.595,0.02225825532193517, -2.1388508979067593, -1.1174487116158147, -1.4143177108888176, 1.5801915148008954, -0.009957093192801025,-0.0015570335099668758, 0.999997920846568, 0.0012640848058656003, -0.0002634447194320515, 0.0002271753843387855, -0.0001225847390773925,1.0,1.0,769
3050.603,0.02225477443171673, -2.1366153114798436, -1.1174458856391043, -1.4143182998434813, 1.580192022672157, -0.009957367242149573,-0.001557033509966876, 0.9999979208465679, 0.0012640848058656006, -0.0002634447194320516, 0.00022717538433878552, -0.0001225847390773925,1.0,1.0,769
3050.611,0.022251154403359077, -2.134290364195225, -1.1174429467024574, -1.4143189123398399, 1.5801925508440482, -0.00995765224579781,-0.0015570335099668756, 0.9999979208465679, 0.0012640848058656003, -0.0002634447194320515, 0.00022717538433878547, -0.0001225847390773925,1.0,1.0,769
3050.6189999999997,0.022247395236862217, -2.1318760560529038, -1.1174398948058721, -1.4143195483778932, 1.5801930993165687, -0.009957948203747513,-0.0015570335099668754, 0.9999979208465678, 0.0012640848058656003, -0.0002634447194320515, 0.00022717538433878544, -0.00012258473907739248,1.0,1.0,769
3050.627,0.02224349693222614, -2.1293723870528813, -1.1174367299493504, -1.4143202079576422, 1.5801936680897186, -0.009958255115996018,-0.0015570335099668758, 0.9999979208465679, 0.0012640848058656003, -0.0002634447194320516, 0.0002271753843387855, -0.0001225847390773925,1.0,1.0,769
3050.6349999999998,0.022239459489450854, -2.126779357195156, -1.1174334521328912, -1.414320891079086, 1.580194257163498, -0.009958572982545988,-0.001557033509966876, 0.999997920846568, 0.0012640848058656006, -0.0002634447194320516, 0.00022717538433878552, -0.00012258473907739254,1.0,1.0,769
3050.643,0.02223528290853636, -2.12409696647973, -1.1174300613564938, -1.4143215977422248, 1.5801948665379066, -0.009958901803395648,-0.0015570335099668758, 0.9999979208465679, 0.0012640848058656003, -0.0002634447194320515, 0.00022717538433878547, -0.0001225847390773925,1.0,1.0,769
3050.651,0.022230967189482653, -2.1213252149065998, -1.1174265576201599, -1.4143223279470583, 1.5801954962129448, -0.009959241578544997,-0.0015570335099668756, 0.9999979208465679, 0.0012640848058656003, -0.0002634447194320515, 0.0002271753843387855, -0.0001225847390773925,1.0,1.0,769
3050.6589999999997,0.022226512332289734, -2.1184641024757696, -1.1174229409238894, -1.4143230816935866, 1.5801961461886123, -0.009959592307994924,-0.0015570335099668758, 0.9999979208465679, 0.0012640848058656006, -0.0002634447194320516, 0.0002271753843387855, -0.00012258473907739254,1.0,1.0,769
3050.667,0.022221918336957604, -2.1155136291872356, -1.1174192112676806, -1.4143238589818106, 1.5801968164649092, -0.00995995399174543,-0.0015570335099668758, 0.9999979208465679, 0.0012640848058656003, -0.0002634447194320515, 0.0002271753843387855, -0.0001225847390773925,1.0,1.0,769
3050.6749999999997,0.022217185203486263, -2.1124737950409997, -1.1174153686515345, -1.4143246598117294, 1.5801975070418355, -0.009960326629795624,-0.0015570335099668758, 0.999997920846568, 0.0012640848058656006, -0.0002634447194320515, 0.0002271753843387855, -0.0001225847390773925,1.0,1.0,769
3050.683,0.02221231293187571, -2.109344600037063, -1.1174114130754509, -1.414325484183344, 1.5801982179193912, -0.009960710222146396,-0.0015570335099668756, 0.9999979208465679, 0.0012640848058656003, -0.0002634447194320516, 0.0002271753843387855, -0.0001225847390773925,1.0,1.0,769
3050.691,0.02220730152212595, -2.106126044175423, -1.11740734453943, -1.4143263320966524, 1.5801989490975763, -0.009961104768797746,-0.0015570335099668758, 0.9999979208465679, 0.0012640848058656006, -0.0002634447194320516, 0.00022717538433878547, -0.0001225847390773925,1.0,1.0,769
3050.699,0.022202150974236973, -2.1028181274560813, -1.1174031630434724, -1.4143272035516565, 1.5801997005763908, -0.009961510269748786,-0.0015570335099668758, 0.9999979208465679, 0.0012640848058656003, -0.0002634447194320516, 0.0002271753843387855, -0.0001225847390773925,1.0,1.0,769
3050.707,0.02219686128820879, -2.0994208498790377, -1.1173988685875766, -1.4143280985483555, 1.5802004723558347, -0.009961926724999515,-0.0015570335099668758, 0.9999979208465679, 0.0012640848058656001, -0.0002634447194320515, 0.00022717538433878547, -0.0001225847390773925,1.0,1.0,769
3050.7149999999997,0.022191432464041393, -2.095934211444291, -1.1173944611717443, -1.4143290170867493, 1.580201264435908, -0.009962354134550822,-0.0015570335099668758, 0.999997920846568, 0.0012640848058656006, -0.0002634447194320516, 0.00022717538433878552, -0.00012258473907739254,1.0,1.0,769
3050.723,0.022185864501734785, -2.0923582121518436, -1.1173899407959746, -1.4143299591668388, 1.5802020768166107, -0.009962792498402706,-0.0015570335099668758, 0.9999979208465679, 0.0012640848058656003, -0.0002634447194320516, 0.00022717538433878547, -0.0001225847390773925,1.0,1.0,769
3050.7309999999998,0.022180157401288966, -2.088692852001693, -1.1173853074602675, -1.4143309247886222, 1.5802029094979428, -0.00996324181655428,-0.0015570335099668756, 0.9999979208465679, 0.0012640848058656001, -0.0002634447194320515, 0.00022717538433878547, -0.0001225847390773925,1.0,1.0,769
3050.739,0.022174311162703936, -2.084938130993841, -1.117380561164623, -1.4143319139521013, 1.5802037624799044, -0.009963702089006432,-0.0015570335099668758, 0.9999979208465679, 0.0012640848058656006, -0.0002634447194320516, 0.0002271753843387855, -0.0001225847390773925,1.0,1.0,769
3050.747,0.022168325785979697, -2.0810940491282865, -1.1173757019090402, -1.4143329266572753, 1.5802046357624953, -0.009964173315759162,-0.0015570335099668758, 0.9999979208465679, 0.0012640848058656003, -0.0002634447194320515, 0.0002271753843387855, -0.0001225847390773925,1.0,1.0,769
3050.7549999999997,0.022162201271116243, -2.0771606064050303, -1.1173707296935218, -1.414333962904145, 1.5802055293457156, -0.00996465549681158,-0.0015570335099668756, 0.9999979208465678, 0.0012640848058656003, -0.0002634447194320515, 0.00022717538433878547, -0.0001225847390773925,1.0,1.0,769
3050.763,0.02215593761811358, -2.0731378028240712, -1.117365644518065, -1.4143350226927094, 1.5802064432295655, -0.00996514863216369,-0.0015570335099668758, 0.9999979208465678, 0.0012640848058656003, -0.0002634447194320515, 0.00022717538433878547, -0.0001225847390773925,1.0,1.0,769
3050.7709999999997,0.02214953482697171, -2.06902563838541, -1.117360446382671, -1.4143361060229678, 1.5802073774140446, -0.009965652721816376,-0.0015570335099668756, 0.999997920846568, 0.0012640848058656003, -0.0002634447194320516, 0.0002271753843387855, -0.0001225847390773925,1.0,1.0,769
3050.779,0.022142992897690623, -2.064824113089048, -1.1173551352873403, -1.4143372128949228, 1.580208331899153, -0.00996616776576964,-0.0015570335099668758, 0.9999979208465679, 0.0012640848058656006, -0.0002634447194320515, 0.0002271753843387855, -0.0001225847390773925,1.0,1.0,769
3050.787,0.022136311830270327, -2.0605332269349823, -1.1173497112320714, -1.4143383433085717, 1.580209306684891, -0.009966693764022594,-0.0015570335099668758, 0.9999979208465679, 0.0012640848058656003, -0.0002634447194320516, 0.0002271753843387855, -0.00012258473907739254,1.0,1.0,769
3050.795,0.02212949162471082, -2.0561529799232154, -1.117344174216866, -1.4143394972639154, 1.5802103017712583, -0.009967230716576125,-0.0015570335099668758, 0.999997920846568, 0.0012640848058656003, -0.0002634447194320515, 0.00022717538433878552, -0.0001225847390773925,1.0,1.0,769
3050.803,0.0221225322810121, -2.0516833720537466, -1.1173385242417222, -1.4143406747609557, 1.580211317158255, -0.009967778623430235,-0.001557033509966876, 0.999997920846568, 0.0012640848058656006, -0.0002634447194320516, 0.0002271753843387855, -0.0001225847390773925,1.0,1.0,769
3050.8109999999997,0.02211543379917417, -2.047124403326576, -1.117332761306642, -1.41434187579969, 1.5802123528458811, -0.009968337484584033,-0.0015570335099668756, 0.9999979208465678, 0.0012640848058656003, -0.0002634447194320515, 0.00022717538433878544, -0.0001225847390773925,1.0,1.0,769
3050.819,0.02210819617919703, -2.0424760737417023, -1.1173268854116243, -1.414343100380119, 1.5802134088341366, -0.00996890730003841,-0.0015570335099668758, 0.9999979208465679, 0.0012640848058656003, -0.0002634447194320515, 0.0002271753843387855, -0.0001225847390773925,1.0,1.0,769
3050.8269999999998,0.022100819421080678, -2.0377383832991267, -1.1173208965566692, -1.4143443485022438, 1.5802144851230218, -0.009969488069792476,-0.0015570335099668758, 0.9999979208465679, 0.0012640848058656003, -0.0002634447194320516, 0.00022717538433878547, -0.00012258473907739248,1.0,1.0,769
3050.835,0.022093303524825116, -2.0329113319988483, -1.1173147947417768, -1.4143456201660634, 1.580215581712536, -0.009970079793846232,-0.0015570335099668762, 0.999997920846568, 0.0012640848058656006, -0.0002634447194320516, 0.0002271753843387855, -0.00012258473907739254,1.0,1.0,769
3050.843,0.02208564849043034, -2.0279949198408698, -1.1173085799669469, -1.4143469153715778, 1.5802166986026798, -0.009970682472201453,-0.0015570335099668756, 0.9999979208465678, 0.0012640848058656003, -0.0002634447194320515, 0.00022717538433878547, -0.00012258473907739248,1.0,1.0,769
3050.8509999999997,0.022077854317896356, -2.0229891468251875, -1.1173022522321805, -1.414348234118787, 1.5802178357934529, -0.009971296104856364,-0.0015570335099668758, 0.9999979208465679, 0.0012640848058656006, -0.0002634447194320516, 0.0002271753843387855, -0.0001225847390773925,1.0,1.0,769
3050.859,0.02206992100722316, -2.0178940129518033, -1.1172958115374758, -1.4143495764076919, 1.5802189932848554, -0.009971920691810965,-0.001557033509966876, 0.9999979208465679, 0.0012640848058656003, -0.0002634447194320516, 0.00022717538433878552, -0.00012258473907739254,1.0,1.0,769
3050.8669999999997,0.022061848558410754, -2.012709518220717, -1.1172892578828337, -1.4143509422382916, 1.5802201710768873, -0.009972556233066143,-0.0015570335099668758, 0.9999979208465679, 0.0012640848058656003, -0.0002634447194320515, 0.00022717538433878547, -0.00012258473907739248,1.0,1.0,769
3050.875,0.022053636971459133, -2.007435662631929, -1.1172825912682551, -1.4143523316105853, 1.5802213691695488, -0.0099732027286219,-0.0015570335099668758, 0.999997920846568, 0.0012640848058656006, -0.0002634447194320516, 0.0002271753843387855, -0.0001225847390773925,1.0,1.0,769
3050.883,0.022045286246368305, -2.002072446185439, -1.1172758116937382, -1.4143537445245755, 1.5802225875628395, -0.009973860178477345,-0.001557033509966876, 0.999997920846568, 0.0012640848058656006, -0.0002634447194320516, 0.00022717538433878552, -0.00012258473907739254,1.0,1.0,769
3050.891,0.022036796383138265, -1.9966198688812469, -1.1172689191592848, -1.4143551809802606, 1.5802238262567596, -0.009974528582633369,-0.0015570335099668758, 0.9999979208465679, 0.0012640848058656003, -0.0002634447194320516, 0.0002271753843387855, -0.0001225847390773925,1.0,1.0,769
3050.899,0.022028167381769014, -1.991077930719352, -1.117261913664894, -1.4143566409776396, 1.5802250852513091, -0.009975207941089081,-0.0015570335099668758, 0.9999979208465679, 0.0012640848058656006, -0.0002634447194320516, 0.00022717538433878552, -0.0001225847390773925,1.0,1.0,769
3050.9069999999997,0.02201939924226055, -1.9854466316997552, -1.1172547952105658, -1.4143581245167152, 1.5802263645464882, -0.009975898253845372,-0.0015570335099668758, 0.9999979208465679, 0.0012640848058656003, -0.0002634447194320515, 0.00022717538433878547, -0.0001225847390773925,1.0,1.0,769
3050.915,0.022010491964612876, -1.9797259718224574, -1.1172475637963002, -1.4143596315974847, 1.5802276641422965, -0.00997659952090224,-0.0015570335099668758, 0.999997920846568, 0.0012640848058656006, -0.0002634447194320516, 0.00022717538433878552, -0.00012258473907739254,1.0,1.0,769
3050.923,0.02200144554882599, -1.9739159510874558, -1.1172402194220972, -1.414361162219949, 1.5802289840387342, -0.009977311742258799,-0.001557033509966876, 0.999997920846568, 0.0012640848058656006, -0.0002634447194320516, 0.00022717538433878552, -0.0001225847390773925,1.0,1.0,769
3050.931,0.021992259994899895, -1.9680165694947531, -1.1172327620879567, -1.414362716384109, 1.5802303242358013, -0.009978034917915934,-0.0015570335099668756, 0.9999979208465678, 0.0012640848058656003, -0.0002634447194320515, 0.00022717538433878544, -0.00012258473907739248,1.0,1.0,769
3050.939,0.021982935302834586, -1.9620278270443485, -1.117225191793879, -1.414364294089964, 1.580231684733498, -0.00997876904787276,-0.0015570335099668754, 0.9999979208465678, 0.0012640848058656003, -0.0002634447194320515, 0.00022717538433878547, -0.0001225847390773925,1.0,1.0,769
3050.9469999999997,0.02197347147263007, -1.955949723736241, -1.1172175085398646, -1.4143658953375144, 1.580233065531824, -0.009979514132130163,-0.0015570335099668758, 0.9999979208465679, 0.0012640848058656003, -0.0002634447194320516, 0.0002271753843387855, -0.0001225847390773925,1.0,1.0,769
3050.955,0.02196392469247237, -1.9498183461856833, -1.1172097579425486, -1.4143675106199112, 1.5802344584327717, -0.009980265747009831,-0.0015570335099668756, 0.9999979208465678, 0.0012640848058656001, -0.00026344471943205147, 0.00022717538433878544, -0.0001225847390773925,1.0,1.0,769
3050.9629999999997,0.021954498562129648, -1.943764455447936, -1.1172021052953394, -1.414369105488774, 1.5802358337305862, -0.009981007863169467,-0.0015570335099668754, 0.9999979208465678, 0.0012640848058656, -0.0002634447194320515, 0.00022717538433878544, -0.0001225847390773925,1.0,1.0,769
3050.971,0.021945211569926137, -1.9377999255678908, -1.1171945656080684, -1.4143706768159419, 1.5802371887277713, -0.009981739025028524,-0.0015570335099668758, 0.9999979208465679, 0.0012640848058656003, -0.0002634447194320515, 0.0002271753843387855, -0.0001225847390773925,1.0,1.0,769
3050.979,0.021936063715861837, -1.9319247565455475, -1.117187138880734, -1.414372224601414, 1.580238523424327, -0.009982459232587892,-0.0015570335099668756, 0.9999979208465678, 0.0012640848058656001, -0.00026344471943205147, 0.00022717538433878544, -0.00012258473907739248,1.0,1.0,769
3050.987,0.02192705499993675, -1.926138948380907, -1.117179825113337, -1.4143737488451924, 1.5802398378202533, -0.009983168485846683,-0.0015570335099668754, 0.9999979208465678, 0.0012640848058656, -0.00026344471943205147, 0.00022717538433878544, -0.00012258473907739248,1.0,1.0,769
3050.995,0.021918185422150873, -1.9204425010739676, -1.1171726243058773, -1.414375249547275, 1.5802411319155503, -0.009983866784804896,-0.0015570335099668758, 0.9999979208465678, 0.0012640848058656003, -0.0002634447194320515, 0.00022717538433878547, -0.0001225847390773925,1.0,1.0,769
3051.0029999999997,0.021909454982504205, -1.914835414624731, -1.117165536458355, -1.4143767267076628, 1.5802424057102178, -0.009984554129463419,-0.0015570335099668756, 0.9999979208465678, 0.0012640848058656001, -0.00026344471943205147, 0.00022717538433878544, -0.0001225847390773925,1.0,1.0,769
3051.011,0.021900863680996748, -1.9093176890331964, -1.1171585615707702, -1.4143781803263549, 1.5802436592042561, -0.009985230519822252,-0.0015570335099668756, 0.9999979208465679, 0.0012640848058656001, -0.0002634447194320515, 0.00022717538433878547, -0.0001225847390773925,1.0,1.0,769
3051.019,0.02189241151762851, -1.9038893242993638, -1.1171516996431219, -1.414379610403353, 1.5802448923976646, -0.00998589595587962,-0.0015570335099668756, 0.9999979208465679, 0.0012640848058656003, -0.0002634447194320515, 0.00022717538433878547, -0.0001225847390773925,1.0,1.0,769
3051.027,0.021884098492399473, -1.898550320423234, -1.1171449506754119, -1.4143810169386555, 1.580246105290444, -0.009986550437638186,-0.0015570335099668758, 0.9999979208465679, 0.0012640848058656003, -0.0002634447194320515, 0.00022717538433878547, -0.0001225847390773925,1.0,1.0,769
3051.035,0.02187592460530965, -1.893300677404806, -1.1171383146676384, -1.4143823999322631, 1.580247297882594, -0.009987193965095287,-0.0015570335099668754, 0.9999979208465678, 0.0012640848058656, -0.00026344471943205147, 0.00022717538433878544, -0.0001225847390773925,1.0,1.0,769
3051.0429999999997,0.02186788985635904, -1.8881403952440792, -1.1171317916198023, -1.414383759384176, 1.5802484701741144, -0.009987826538252698,-0.0015570335099668756, 0.9999979208465678, 0.0012640848058656003, -0.00026344471943205147, 0.00022717538433878547, -0.0001225847390773925,1.0,1.0,769
3051.051,0.021859994245547642, -1.883069473941056, -1.1171253815319044, -1.414385095294393, 1.5802496221650058, -0.009988448157110419,-0.0015570335099668758, 0.9999979208465679, 0.0012640848058656001, -0.0002634447194320515, 0.00022717538433878547, -0.0001225847390773925,1.0,1.0,769
3051.0589999999997,0.021852237772875455, -1.8780879134957331, -1.1171190844039431, -1.4143864076629153, 1.5802507538552673, -0.009989058821667562,-0.0015570335099668756, 0.9999979208465679, 0.0012640848058656001, -0.00026344471943205147, 0.00022717538433878547, -0.0001225847390773925,1.0,1.0,769
3051.067,0.021844620438342476, -1.873195713908114, -1.1171129002359192, -1.4143876964897428, 1.5802518652448996, -0.009989658531924128,-0.0015570335099668758, 0.9999979208465679, 0.0012640848058656006, -0.0002634447194320515, 0.0002271753843387855, -0.0001225847390773925,1.0,1.0,769
3051.075,0.021837142241948708, -1.8683928751781966, -1.1171068290278328, -1.4143889617748755, 1.5802529563339027, -0.009990247287881004,-0.0015570335099668756, 0.999997920846568, 0.0012640848058656003, -0.0002634447194320515, 0.0002271753843387855, -0.00012258473907739254,1.0,1.0,769
3051.083,0.021829803183694152, -1.8636793973059804, -1.1171008707796837, -1.4143902035183125, 1.580254027122276, -0.009990825089537303,-0.0015570335099668758, 0.999997920846568, 0.0012640848058656001, -0.0002634447194320515, 0.00022717538433878547, -0.00012258473907739254,1.0,1.0,769
3051.091,0.02182260326357881, -1.859055280291467, -1.117095025491471, -1.4143914217200546, 1.5802550776100204, -0.009991391936893024,-0.0015570335099668758, 0.9999979208465679, 0.0012640848058656003, -0.0002634447194320516, 0.00022717538433878547, -0.0001225847390773925,1.0,1.0,769
3051.0989999999997,0.021815542481602678, -1.8545205241346556, -1.1170892931631968, -1.414392616380102, 1.5802561077971349, -0.009991947829949943,-0.0015570335099668756, 0.9999979208465679, 0.0012640848058656003, -0.00026344471943205147, 0.0002271753843387855, -0.0001225847390773925,1.0,1.0,769
3051.107,0.021808620837765753, -1.8500751288355461, -1.11708367379486, -1.4143937874984545, 1.5802571176836204, -0.009992492768705397,-0.0015570335099668754, 0.9999979208465678, 0.0012640848058656, -0.0002634447194320514, 0.00022717538433878539, -0.00012258473907739248,1.0,1.0,769
3051.115,0.021801838332068044, -1.8457190943941395, -1.1170781673864596, -1.4143949350751122, 1.5802581072694764, -0.00999302675316116,-0.0015570335099668756, 0.9999979208465678, 0.0012640848058656003, -0.0002634447194320515, 0.00022717538433878547, -0.00012258473907739248,1.0,1.0,769
3051.123,0.021795194964509546, -1.841452420810434, -1.1170727739379975, -1.4143960591100742, 1.5802590765547027, -0.009993549783316347,-0.0015570335099668754, 0.9999979208465678, 0.0012640848058656001, -0.0002634447194320515, 0.00022717538433878547, -0.0001225847390773925,1.0,1.0,769
3051.131,0.021788690735090255, -1.8372751080844312, -1.117067493449472, -1.4143971596033413, 1.5802600255393, -0.009994061859171843,-0.0015570335099668754, 0.9999979208465679, 0.0012640848058656, -0.00026344471943205147, 0.00022717538433878544, -0.00012258473907739254,1.0,1.0,769
3051.1389999999997,0.02178232564381018, -1.8331871562161304, -1.1170623259208847, -1.4143982365549137, 1.5802609542232675, -0.009994562980726762,-0.0015570335099668756, 0.9999979208465679, 0.0012640848058655997, -0.00026344471943205147, 0.00022717538433878544, -0.00012258473907739248,1.0,1.0,769
3051.147,0.02177609969066931, -1.8291885652055324, -1.117057271352234, -1.4143992899647904, 1.580261862606606, -0.009995053147981992,-0.001557033509966876, 0.9999979208465679, 0.0012640848058656006, -0.0002634447194320516, 0.0002271753843387855, -0.00012258473907739257,1.0,1.0,769
3051.1549999999997,0.021770012875667658, -1.8252793350526346, -1.1170523297435206, -1.414400319832973, 1.5802627506893148, -0.009995532360936643,-0.0015570335099668756, 0.9999979208465679, 0.0012640848058656003, -0.00026344471943205147, 0.0002271753843387855, -0.0001225847390773925,1.0,1.0,769
3051.163,0.021764065198805214, -1.8214594657574406, -1.1170475010947447, -1.4144013261594592, 1.5802636184713943, -0.009996000619590717,-0.001557033509966876, 0.9999979208465679, 0.0012640848058656001, -0.0002634447194320515, 0.0002271753843387855, -0.00012258473907739254,1.0,1.0,769
3051.171,0.02175825666008198, -1.8177289573199484, -1.1170427854059062, -1.4144023089442515, 1.5802644659528444, -0.009996457923945101,-0.0015570335099668758, 0.999997920846568, 0.0012640848058656003, -0.0002634447194320515, 0.00022717538433878547, -0.00012258473907739254,1.0,1.0,769
3051.179,0.021752587259497958, -1.8140878097401583, -1.117038182677005, -1.414403268187348, 1.5802652931336651, -0.009996904273998908,-0.0015570335099668754, 0.9999979208465679, 0.0012640848058656, -0.0002634447194320515, 0.00022717538433878539, -0.00012258473907739248,1.0,1.0,769
3051.187,0.021747056997053146, -1.81053602301807, -1.1170336929080404, -1.4144042038887505, 1.5802661000138565, -0.009997339669753025,-0.0015570335099668756, 0.999997920846568, 0.0012640848058655997, -0.0002634447194320514, 0.00022717538433878547, -0.0001225847390773925,1.0,1.0,769
3051.1949999999997,0.021741665872747548, -1.8070735971536838, -1.1170293160990141, -1.4144051160484574, 1.5802668865934184, -0.009997764111206564,-0.0015570335099668762, 0.999997920846568, 0.0012640848058656008, -0.0002634447194320516, 0.00022717538433878552, -0.00012258473907739254,1.0,1.0,769
3051.203,0.02173641388658116, -1.8037005321469994, -1.1170250522499243, -1.4144060046664695, 1.5802676528723507, -0.009998177598359526,-0.0015570335099668758, 0.9999979208465679, 0.0012640848058656003, -0.0002634447194320516, 0.00022717538433878544, -0.00012258473907739254,1.0,1.0,769
3051.211,0.02173130103855398, -1.800416827998018, -1.1170209013607728, -1.4144068697427858, 1.580268398850654, -0.009998580131212798,-0.0015570335099668754, 0.9999979208465679, 0.0012640848058656, -0.0002634447194320516, 0.0002271753843387855, -0.00012258473907739254,1.0,1.0,769
3051.219,0.021726327328666015, -1.7972224847067384, -1.1170168634315578, -1.4144077112774083, 1.5802691245283276, -0.00999897170976638,-0.0015570335099668758, 0.9999979208465679, 0.0012640848058656003, -0.00026344471943205147, 0.00022717538433878544, -0.0001225847390773925,1.0,1.0,769
3051.227,0.02172149275691726, -1.7941175022731608, -1.1170129384622802, -1.414408529270335, 1.5802698299053721, -0.009999352334019385,-0.0015570335099668754, 0.9999979208465678, 0.0012640848058656, -0.0002634447194320514, 0.00022717538433878536, -0.0001225847390773925,1.0,1.0,769
3051.2349999999997,0.021716797323307717, -1.7911018806972852, -1.11700912645294, -1.414409323721566, 1.5802705149817868, -0.009999722003971812,-0.0015570335099668751, 0.9999979208465679, 0.0012640848058655995, -0.00026344471943205147, 0.00022717538433878544, -0.00012258473907739246,1.0,1.0,769
3051.243,0.021712241027837382, -1.7881756199791123, -1.1170054274035373, -1.4144100946311031, 1.5802711797575726, -0.01000008071962366,-0.001557033509966876, 0.9999979208465678, 0.0012640848058656006, -0.00026344471943205147, 0.0002271753843387855, -0.00012258473907739254,1.0,1.0,769
3051.2509999999997,0.02170782387050626, -1.7853387201186406, -1.1170018413140728, -1.4144108419989454, 1.5802718242327285, -0.010000428480976709,-0.0015570335099668758, 0.9999979208465679, 0.0012640848058656003, -0.00026344471943205147, 0.00022717538433878544, -0.00012258473907739257,1.0,1.0,769
3051.259,0.02170354585131435, -1.7825911811158717, -1.1169983681845448, -1.414411565825091, 1.580272448407255, -0.01000076528802829,-0.0015570335099668756, 0.9999979208465679, 0.0012640848058656, -0.0002634447194320515, 0.00022717538433878552, -0.0001225847390773925,1.0,1.0,769
3051.267,0.02169940697026165, -1.7799330029708038, -1.1169950080149533, -1.4144122661095437, 1.5802730522811526, -0.010001091140780183,-0.0015570335099668754, 0.999997920846568, 0.0012640848058656003, -0.0002634447194320515, 0.00022717538433878547, -0.00012258473907739254,1.0,1.0,769
3051.2749999999996,0.02169540722734816, -1.7773641856834388, -1.1169917608053002, -1.4144129428522998, 1.5802736358544203, -0.010001406039231497,-0.0015570335099668754, 0.9999979208465679, 0.0012640848058656, -0.00026344471943205136, 0.00022717538433878536, -0.00012258473907739246,1.0,1.0,769
3051.283,0.021691546622573884, -1.7748847292537766, -1.1169886265555835, -1.414413596053361, 1.580274199127059, -0.010001709983383122,-0.001557033509966875, 0.9999979208465678, 0.0012640848058655992, -0.0002634447194320513, 0.00022717538433878525, -0.00012258473907739246,1.0,1.0,769
3051.2909999999997,0.021687825155938815, -1.7724946336818164, -1.1169856052658051, -1.4144142257127275, 1.580274742099068, -0.01000200297323417,-0.001557033509966876, 0.999997920846568, 0.0012640848058656008, -0.00026344471943205163, 0.00022717538433878558, -0.00012258473907739262,1.0,1.0,769
3051.299,0.021684242827442964, -1.7701938989675572, -1.1169826969359633, -1.414414831830399, 1.5802752647704474, -0.010002285008785528,-0.0015570335099668754, 0.9999979208465679, 0.0012640848058656003, -0.0002634447194320516, 0.00022717538433878547, -0.0001225847390773925,1.0,1.0,769
3051.307,0.02168079963708632, -1.7679825251110008, -1.1169799015660598, -1.4144154144063759, 1.580275767141198, -0.010002556090036308,-0.0015570335099668758, 0.999997920846568, 0.0012640848058656, -0.0002634447194320514, 0.00022717538433878539, -0.00012258473907739257,1.0,1.0,769
3051.315,0.021677495584868884, -1.7658605121121465, -1.1169772191560927, -1.4144159734406578, 1.5802762492113187, -0.01000281621698651,-0.001557033509966876, 0.9999979208465679, 0.0012640848058655995, -0.0002634447194320514, 0.00022717538433878547, -0.00012258473907739246,1.0,1.0,769
3051.323,0.02167433067079066, -1.763827859970994, -1.116974649706063, -1.414416508933244, 1.5802767109808105, -0.010003065389637023,-0.001557033509966875, 0.999997920846568, 0.0012640848058656, -0.00026344471943205147, 0.00022717538433878539, -0.00012258473907739248,1.0,1.0,769
3051.3309999999997,0.021671304894851653, -1.7618845686875435, -1.1169721932159709, -1.4144170208841356, 1.5802771524496724, -0.010003303607987846,-0.0015570335099668764, 0.9999979208465678, 0.0012640848058656003, -0.00026344471943205147, 0.00022717538433878544, -0.00012258473907739262,1.0,1.0,769
3051.339,0.021668418257051854, -1.7600306382617958, -1.116969849685816, -1.4144175092933313, 1.5802775736179049, -0.010003530872037203,-0.001557033509966875, 0.9999979208465678, 0.0012640848058655997, -0.00026344471943205147, 0.00022717538433878558, -0.0001225847390773925,1.0,1.0,769
3051.3469999999998,0.021665670757391262, -1.7582660686937501, -1.1169676191155986, -1.4144179741608323, 1.5802779744855084, -0.010003747181787759,-0.0015570335099668754, 0.9999979208465678, 0.0012640848058656001, -0.00026344471943205147, 0.00022717538433878544, -0.00012258473907739254,1.0,1.0,769
3051.355,0.021663062395869886, -1.7565908599834064, -1.1169655015053177, -1.4144184154866393, 1.5802783550524822, -0.010003952537236849,-0.001557033509966876, 0.9999979208465679, 0.0012640848058655997, -0.0002634447194320515, 0.00022717538433878536, -0.00012258473907739246,1.0,1.0,769
3051.363,0.02166059317248772, -1.7550050121307645, -1.116963496854975, -1.4144188332707497, 1.5802787153188267, -0.01000414693838625,-0.001557033509966874, 0.9999979208465679, 0.001264084805865599, -0.00026344471943205125, 0.0002271753843387855, -0.00012258473907739248,1.0,1.0,769
3051.3709999999996,0.021658263087244764, -1.7535085251358247, -1.1169616051645699, -1.4144192275131662, 1.5802790552845418, -0.01000433038523596,-0.0015570335099668747, 0.999997920846568, 0.0012640848058655997, -0.0002634447194320513, 0.00022717538433878536, -0.00012258473907739254,1.0,1.0,769
3051.379,0.02165607214014102, -1.7521013989985867, -1.1169598264341012, -1.4144195982138879, 1.5802793749496276, -0.010004502877785093,-0.0015570335099668773, 0.9999979208465679, 0.0012640848058656006, -0.00026344471943205163, 0.0002271753843387855, -0.00012258473907739257,1.0,1.0,769
3051.3869999999997,0.021654020331176485, -1.7507836337190517, -1.1169581606635708, -1.4144199453729138, 1.5802796743140837, -0.010004664416033648,-0.001557033509966875, 0.9999979208465678, 0.0012640848058655995, -0.00026344471943205163, 0.0002271753843387853, -0.0001225847390773926,1.0,1.0,769
3051.395,0.021652107660351166, -1.7495552292972185, -1.116956607852977, -1.414420268990245, 1.5802799533779104, -0.010004814999982514,-0.0015570335099668756, 0.9999979208465679, 0.0012640848058656003, -0.0002634447194320513, 0.0002271753843387855, -0.00012258473907739246,1.0,1.0,769
3051.403,0.021650334127665056, -1.7484161857330873, -1.1169551680023204, -1.4144205690658804, 1.5802802121411081, -0.010004954629630802,-0.0015570335099668738, 0.9999979208465679, 0.001264084805865599, -0.0002634447194320513, 0.00022717538433878533, -0.0001225847390773925,1.0,1.0,769
3051.411,0.021648699733118153, -1.747366503026658, -1.1169538411116013, -1.414420845599822, 1.580280450603676, -0.010005083304978513,-0.001557033509966877, 0.9999979208465678, 0.0012640848058656001, -0.00026344471943205136, 0.00022717538433878552, -0.00012258473907739254,1.0,1.0,769
3051.419,0.021647204476710466, -1.7464061811779317, -1.1169526271808197, -1.4144210985920678, 1.5802806687656148, -0.010005201026026533,-0.0015570335099668743, 0.9999979208465679, 0.001264084805865601, -0.00026344471943205136, 0.0002271753843387853, -0.00012258473907739262,1.0,1.0,769
3051.4269999999997,0.021645848358441987, -1.7455352201869063, -1.1169515262099754, -1.4144213280426188, 1.5802808666269241, -0.010005307792774865,-0.0015570335099668751, 0.9999979208465679, 0.0012640848058656001, -0.0002634447194320514, 0.0002271753843387856, -0.0001225847390773927,1.0,1.0,769
3051.435,0.021644631378312722, -1.744753620053583, -1.1169505381990685, -1.414421533951475, 1.5802810441876038, -0.010005403605222618,-0.001557033509966876, 0.9999979208465679, 0.0012640848058655986, -0.00026344471943205147, 0.0002271753843387853, -0.00012258473907739248,1.0,1.0,769
3051.4429999999998,0.021643553536322666, -1.7440613807779624, -1.116949663148099, -1.4144217163186354, 1.5802812014476544, -0.010005488463369794,-0.001557033509966872, 0.999997920846568, 0.001264084805865597, -0.0002634447194320509, 0.000227175384338785, -0.00012258473907739257,1.0,1.0,769
3051.451,0.02164261483247182, -1.7434585023600437, -1.1169489010570661, -1.414421875144102, 1.5802813384070753, -0.01000556236721728,-0.0015570335099668723, 0.9999979208465678, 0.0012640848058655977, -0.00026344471943205076, 0.00022717538433878528, -0.00012258473907739224,1.0,1.0,769
3051.459,0.021641815266760185, -1.742944984799828, -1.1169482519259715, -1.4144220104278729, 1.580281455065867, -0.010005625316764188,-0.0015570335099668795, 0.9999979208465679, 0.0012640848058656001, -0.0002634447194320517, 0.00022717538433878568, -0.00012258473907739276,1.0,1.0,769
3051.4669999999996,0.021641154839187767, -1.7425208280973141, -1.1169477157548133, -1.414422122169949, 1.5802815514240294, -0.010005677312010519,-0.0015570335099668734, 0.999997920846568, 0.0012640848058655977, -0.0002634447194320519, 0.00022717538433878522, -0.00012258473907739297,1.0,1.0,769
3051.475,0.021640633549754554, -1.7421860322525013, -1.1169472925435935, -1.4144222103703292, 1.580281627481562, -0.01000571835295716,-0.0015570335099668751, 0.9999979208465679, 0.0012640848058655997, -0.0002634447194320506, 0.0002271753843387859, -0.0001225847390773925,1.0,1.0,769
3051.4829999999997,0.021640251398460555, -1.7419405972653905, -1.1169469822923102, -1.4144222750290147, 1.5802816832384656, -0.010005748439604112,-0.0015570335099668788, 0.999997920846568, 0.0012640848058655947, -0.00026344471943205033, 0.0002271753843387851, -0.00012258473907739278,1.0,1.0,769
3051.491,0.021640008385305765, -1.7417845231359834, -1.1169467850009642, -1.4144223161460054, 1.5802817186947395, -0.010005767571949598,-0.0015570335099668567, 0.9999979208465679, 0.0012640848058655815, -0.0002634447194320497, 0.00022717538433878292, -0.00012258473907739145,1.0,1.0,769
3051.499,0.02163990451029019, -1.7417178098642774, -1.1169467006695557, -1.4144223337213013, 1.5802817338503845, -0.010005775749996282,-0.001557033509966814, 0.9999979208465679, 0.0012640848058655407, -0.00026344471943202415, 0.00022717538433876324, -0.00012258473907738937,1.0,1.0,769
