t,q0,q1,q2,q3,q4,q5,qd0,qd1,qd2,qd3,qd4,qd5,ss,f0,f1,f2,f3,f4,f5,tsf,do
3186.348,0.6556333899497977, -1.9739438496031685, -0.9379221200943011, -1.8813215694823162, 1.5803011655807513, -0.013326470051899797,-0.9999998364956576, -0.000366597602330784, 0.0004232399367974086, 1.5024492198199424e-05, 0.00010066409558034447, 5.5891109706993257e-05,1.0,-8759.052525062272, -2849.2102901337794, 21595.357798007102, -77.05387332219783, 221.4838187410645, 38.242945449674636,1.0,769
3186.3559999999998,0.6555887095209466, -1.9739438659829087, -0.937922101183756, -1.8813215688110159, 1.580301170078467, -0.013326467554660937,-0.9999998364956577, -0.0003665976023307841, 0.0004232399367974087, 1.5024492198199428e-05, 0.00010066409558034447, 5.589110970699326e-05,1.0,-8759.758089303394, -2849.1440860037555, 21595.310616506267, -77.06002505726875, 221.46881415567861, 38.23625423236089,1.0,769
3186.364,0.6554546682343935, -1.9739439151221312, -0.9379220444521215, -1.881321566797113, 1.580301183571614, -0.013326460062943468,-0.9999998364956577, -0.00036659760233078407, 0.0004232399367974087, 1.5024492198199428e-05, 0.00010066409558034447, 5.589110970699327e-05,1.0,-8761.232010257938, -2850.7616706465997, 21594.963073408337, -77.00722192393516, 221.4188786388051, 38.23042070525432,1.0,769
3186.372,0.6552312660901382, -1.973943997020836, -0.9379219498993967, -1.8813215634406086, 1.5803012060601926, -0.013326447576747391,-0.9999998364956578, -0.0003665976023307841, 0.00042323993679740875, 1.502449219819943e-05, 0.0001006640955803445, 5.589110970699327e-05,1.0,-8759.444674644286, -2848.244415123195, 21595.61780443334, -77.07430069457746, 221.48503645409505, 38.23785615031659,1.0,769
3186.3799999999997,0.6549185030881808, -1.973944111679021, -0.9379218175255817, -1.8813215587415026, 1.5803012375442025, -0.013326430096073594,-0.9999998364956577, -0.0003665976023307841, 0.00042323993679740875, 1.502449219819943e-05, 0.00010066409558034449, 5.589110970699327e-05,1.0,-8760.750509118392, -2850.0029250110947, 21595.427497377797, -77.0302266997351, 221.41226850055398, 38.23436564819471,1.0,769
3186.388,0.6545163792285213, -1.9739442590966876, -0.9379216473306764, -1.881321552699795, 1.5803012780236436, -0.013326407620921188,-0.9999998364956577, -0.00036659760233078407, 0.0004232399367974087, 1.5024492198199426e-05, 0.00010066409558034447, 5.589110970699326e-05,1.0,-8761.252520638162, -2849.7103591829436, 21595.11482840404, -77.04249545712341, 221.4085914341993, 38.23284408488135,1.0,769
3186.3959999999997,0.6540248945111597, -1.9739444392738363, -0.9379214393146817, -1.881321545315485, 1.5803013274985163, -0.013326380151290174,-0.9999998364956578, -0.00036659760233078407, 0.00042323993679740864, 1.5024492198199428e-05, 0.00010066409558034447, 5.589110970699326e-05,1.0,-8759.972422298397, -2849.4569471257273, 21595.04832836476, -77.04021553014579, 221.4571031643352, 38.23726720872804,1.0,769
3186.404,0.653444048936096, -1.9739446522104664, -0.9379211934775977, -1.8813215365885743, 1.5803013859688204, -0.013326347687181439,-0.9999998364956577, -0.00036659760233078407, 0.0004232399367974087, 1.5024492198199428e-05, 0.00010066409558034449, 5.589110970699326e-05,1.0,-8759.974360408254, -2849.31287594271, 21595.494499382257, -77.05120092357637, 221.44958783286694, 38.23587968271843,1.0,769
3186.412,0.6527738425033301, -1.973944897906577, -0.9379209098194226, -1.881321526519061, 1.5803014534345559, -0.013326310228593208,-0.9999998364956576, -0.000366597602330784, 0.0004232399367974086, 1.5024492198199426e-05, 0.00010066409558034446, 5.5891109706993257e-05,1.0,-8760.785964359811, -2849.413669542102, 21595.398446396826, -77.05548712382145, 221.42943234571868, 38.23447568735358,1.0,769
3186.42,0.6520142752128623, -1.9739451763621707, -0.937920588340158, -1.8813215151069462, 1.5803015298957226, -0.013326267775528144,-0.9999998364956578, -0.0003665976023307842, 0.00042323993679740875, 1.502449219819943e-05, 0.0001006640955803445, 5.589110970699328e-05,1.0,-8760.033224586046, -2849.8722553388316, 21595.13575080505, -77.03740693598408, 221.4500061103799, 38.23445551304047,1.0,769
3186.428,0.6511653470646922, -1.9739454875772449, -0.9379202290398032, -1.8813215023522298, 1.5803016153523208, -0.013326220327983584,-0.9999998364956577, -0.00036659760233078407, 0.0004232399367974087, 1.5024492198199428e-05, 0.00010066409558034447, 5.589110970699326e-05,1.0,-8760.353260855238, -2849.447411160979, 21595.462384040806, -77.04295461257209, 221.44877446725008, 38.235243248543554,1.0,769
3186.4359999999997,0.65022705805882, -1.9739458315518013, -0.937919831918359, -1.8813214882549119, 1.5803017098043506, -0.013326167885961304,-0.9999998364956577, -0.00036659760233078407, 0.0004232399367974087, 1.5024492198199428e-05, 0.00010066409558034449, 5.589110970699326e-05,1.0,-8760.53916502979, -2849.2269954593976, 21595.77421053079, -77.05145806777904, 221.4489162908206, 38.23489242551793,1.0,769
3186.444,0.6491994081952457, -1.973946208285839, -0.9379193969758246, -1.8813214728149914, 1.5803018132518114, -0.013326110449461304,-0.9999998364956578, -0.0003665976023307841, 0.0004232399367974087, 1.5024492198199428e-05, 0.00010066409558034447, 5.589110970699327e-05,1.0,-8760.55190505979, -2849.536781114606, 21595.19632832495, -77.02873246321965, 221.42492395063334, 38.2300330717913,1.0,769
3186.4519999999998,0.6480823974739693, -1.973946617779358, -0.9379189242121999, -1.8813214560324703, 1.580301925694704, -0.013326048018481806,-0.9999998364956577, -0.0003665976023307841, 0.0004232399367974087, 1.5024492198199428e-05, 0.00010066409558034449, 5.589110970699326e-05,1.0,-8760.19439433526, -2849.5879962635036, 21595.222301221285, -77.03967747178766, 221.4417961066659, 38.232627628756234,1.0,769
3186.46,0.6468760258949908, -1.9739470600323585, -0.9379184136274858, -1.8813214379073466, 1.5803020471330276, -0.013325980593024589,-0.9999998364956577, -0.00036659760233078407, 0.00042323993679740875, 1.5024492198199428e-05, 0.00010066409558034447, 5.589110970699326e-05,1.0,-8760.735901950335, -2849.229729530074, 21595.46873027384, -77.04765836299316, 221.43553302034746, 38.23468835133448,1.0,769
3186.468,0.6455802934583103, -1.9739475350448412, -0.9379178652216815, -1.8813214184396214, 1.580302177566783, -0.013325908173088763,-0.9999998364956578, -0.0003665976023307841, 0.0004232399367974087, 1.5024492198199428e-05, 0.00010066409558034449, 5.589110970699327e-05,1.0,-8760.62822470254, -2849.706138033959, 21595.37548182239, -77.04079950422982, 221.4291977574722, 38.23784711575493,1.0,769
3186.4759999999997,0.6441952001639276, -1.9739480428168044, -0.9379172789947878, -1.8813213976292946, 1.5803023169959693, -0.013325830758675217,-0.9999998364956577, -0.0003665976023307841, 0.0004232399367974087, 1.502449219819943e-05, 0.00010066409558034449, 5.589110970699327e-05,1.0,-8760.067769879068, -2849.4682107865683, 21595.23173677789, -77.04802732368103, 221.45294585135287, 38.235426327886785,1.0,769
3186.484,0.6427207460118427, -1.9739485833482497, -0.937916654946803, -1.8813213754763662, 1.5803024654205873, -0.013325748349783062,-0.9999998364956577, -0.000366597602330784, 0.00042323993679740864, 1.5024492198199428e-05, 0.00010066409558034447, 5.589110970699326e-05,1.0,-8760.665638007657, -2849.6723880489963, 21595.337828933105, -77.03684445984473, 221.4269221753404, 38.23156697109266,1.0,769
3186.4919999999997,0.6411569310020558, -1.9739491566391765, -0.9379159930777288, -1.8813213519808363, 1.5803026228406367, -0.013325660946412299,-0.9999998364956578, -0.0003665976023307841, 0.00042323993679740875, 1.502449219819943e-05, 0.00010066409558034449, 5.589110970699327e-05,1.0,-8760.394633720063, -2849.6060285306403, 21595.505604438113, -77.0414752744349, 221.43871072504248, 38.23155401725711,1.0,769
3186.5,0.6395037551345668, -1.9739497626895854, -0.9379152933875652, -1.8813213271427038, 1.5803027892561174, -0.013325568548563815,-0.9999998364956577, -0.0003665976023307841, 0.0004232399367974087, 1.502449219819943e-05, 0.00010066409558034449, 5.589110970699327e-05,1.0,-8759.730494397612, -2849.2923660659208, 21595.332504839393, -77.04485885812059, 221.4582781523402, 38.23916772262706,1.0,769
3186.508,0.6377612184093756, -1.9739504014994749, -0.9379145558763113, -1.8813213009619707, 1.5803029646670297, -0.013325471156235835,-0.9999998364956577, -0.000366597602330784, 0.00042323993679740864, 1.5024492198199426e-05, 0.00010066409558034447, 5.5891109706993257e-05,1.0,-8760.836884184724, -2849.7457683499197, 21595.30989317732, -77.03720110878285, 221.4261276869825, 38.23191548271717,1.0,769
3186.516,0.6359293208264823, -1.9739510730688465, -0.9379137805439672, -1.881321273438635, 1.5803031490733732, -0.013325368769431023,-0.9999998364956577, -0.00036659760233078407, 0.0004232399367974087, 1.5024492198199426e-05, 0.00010066409558034447, 5.589110970699326e-05,1.0,-8760.884684982448, -2849.3420376800213, 21595.313071347286, -77.0507995342723, 221.42561506857953, 38.235717504160675,1.0,769
3186.524,0.634008062385887, -1.9739517773976996, -0.9379129673905329, -1.881321244572698, 1.580303342475148, -0.013325261388146714,-0.9999998364956577, -0.0003665976023307841, 0.0004232399367974087, 1.5024492198199428e-05, 0.00010066409558034449, 5.589110970699327e-05,1.0,-8759.824228361867, -2849.0764127413277, 21595.354243579073, -77.04548354171595, 221.46531275611193, 38.236680556075726,1.0,769
3186.5319999999997,0.6319974430875895, -1.973952514486034, -0.9379121164160091, -1.8813212143641591, 1.5803035448723544, -0.013325149012384685,-0.9999998364956578, -0.0003665976023307841, 0.00042323993679740875, 1.502449219819943e-05, 0.00010066409558034449, 5.589110970699328e-05,1.0,-8760.666544871683, -2849.7781130534313, 21595.120024893567, -77.0354107618445, 221.430596092928, 38.23690304954482,1.0,769
3186.54,0.62989746293159, -1.9739532843338496, -0.9379112276203951, -1.8813211828130179, 1.580303756264992, -0.013325031642144047,-0.9999998364956578, -0.0003665976023307841, 0.00042323993679740875, 1.5024492198199426e-05, 0.00010066409558034449, 5.589110970699327e-05,1.0,-8760.781654780387, -2849.4466444505906, 21595.44046612288, -77.05521741859343, 221.4309873746015, 38.23679311505322,1.0,769
3186.548,0.6277081219178883, -1.9739540869411476, -0.9379103010036918, -1.881321149919276, 1.580303976653061, -0.01332490927742569,-0.9999998364956578, -0.00036659760233078407, 0.00042323993679740864, 1.5024492198199426e-05, 0.00010066409558034447, 5.589110970699326e-05,1.0,-8759.695313765842, -2848.955837817848, 21595.382771475273, -77.06585931963633, 221.46677523289833, 38.236795473509204,1.0,769
3186.556,0.6254294200464845, -1.973954922307926, -0.9379093365658981, -1.8813211156829315, 1.5803042060365617, -0.013324781918228723,-0.9999998364956577, -0.0003665976023307841, 0.0004232399367974087, 1.5024492198199426e-05, 0.00010066409558034449, 5.589110970699326e-05,1.0,-8760.338368960622, -2849.738709476799, 21595.20553726356, -77.03734634429787, 221.43465521856632, 38.23291684131834,1.0,769
3186.564,0.6230613573173786, -1.9739557904341867, -0.9379083343070143, -1.8813210801039864, 1.5803044444154934, -0.013324649564553148,-0.9999998364956577, -0.00036659760233078407, 0.0004232399367974087, 1.5024492198199426e-05, 0.00010066409558034447, 5.589110970699327e-05,1.0,-8760.476876521998, -2849.627818804888, 21595.660588941017, -77.02935853663413, 221.45534517663305, 38.23882011434404,1.0,769
3186.5719999999997,0.6206039337305705, -1.9739566913199287, -0.937907294227041, -1.8813210431824388, 1.5803046917898569, -0.013324512216398965,-0.9999998364956577, -0.000366597602330784, 0.00042323993679740864, 1.5024492198199424e-05, 0.00010066409558034446, 5.5891109706993257e-05,1.0,-8760.022091409888, -2849.6346442593394, 21595.540905788657, -77.04242632950059, 221.4620806344687, 38.23415708214782,1.0,769
3186.58,0.6180571492860604, -1.973957624965153, -0.9379062163259775, -1.8813210049182896, 1.5803049481596514, -0.013324369873767061,-0.9999998364956577, -0.00036659760233078407, 0.00042323993679740864, 1.5024492198199426e-05, 0.00010066409558034447, 5.5891109706993257e-05,1.0,-8760.20363865986, -2849.6702848617742, 21595.4736630736, -77.04079405686957, 221.44582573298226, 38.2382981542506,1.0,769
3186.5879999999997,0.6154210039838481, -1.9739585913698576, -0.9379051006038237, -1.881320965311538, 1.5803052135248776, -0.01332422253665655,-0.9999998364956578, -0.00036659760233078407, 0.00042323993679740875, 1.502449219819943e-05, 0.00010066409558034449, 5.589110970699327e-05,1.0,-8760.302282283545, -2849.2444452701347, 21595.418732623013, -77.05443106129482, 221.43270589609477, 38.23341791683106,1.0,769
3186.596,0.6126954978239338, -1.9739595905340446, -0.9379039470605797, -1.8813209243621856, 1.580305487885535, -0.013324070205068317,-0.9999998364956578, -0.0003665976023307842, 0.00042323993679740875, 1.502449219819943e-05, 0.00010066409558034449, 5.589110970699327e-05,1.0,-8760.099258467268, -2850.153123619467, 21595.390313011834, -77.02503204245167, 221.450334421839, 38.232978562623884,1.0,769
3186.604,0.6098806308063174, -1.9739606224577129, -0.9379027556962463, -1.8813208820702307, 1.5803057712416237, -0.013323912879000588,-0.9999998364956577, -0.00036659760233078407, 0.00042323993679740875, 1.502449219819943e-05, 0.00010066409558034449, 5.589110970699327e-05,1.0,-8760.686976287845, -2849.352837218493, 21595.16125570925, -77.04135356192805, 221.44091294663139, 38.23230770915691,1.0,769
3186.612,0.6069764029309987, -1.9739616871408625, -0.9379015265108235, -1.8813208384356752, 1.580306063593144, -0.013323750558456027,-0.9999998364956577, -0.0003665976023307841, 0.0004232399367974087, 1.5024492198199426e-05, 0.00010066409558034447, 5.589110970699327e-05,1.0,-8760.119198862041, -2849.552916312855, 21595.61876577973, -77.0467899222198, 221.45231713007377, 38.2339552299471,1.0,769
3186.62,0.6039828141979781, -1.9739627845834944, -0.9379002595043104, -1.8813207934585172, 1.5803063649400957, -0.013323583243431969,-0.9999998364956577, -0.00036659760233078407, 0.0004232399367974087, 1.5024492198199426e-05, 0.00010066409558034447, 5.589110970699326e-05,1.0,-8760.951402293962, -2850.011992612829, 21595.013623445007, -77.0335203860096, 221.41464704333373, 38.229276739251105,1.0,769
3186.6279999999997,0.6008998646072553, -1.9739639147856067, -0.9378989546767071, -1.8813207471387567, 1.5803066752824786, -0.013323410933930191,-0.9999998364956578, -0.0003665976023307841, 0.00042323993679740875, 1.502449219819943e-05, 0.0001006640955803445, 5.589110970699327e-05,1.0,-8760.218863129841, -2848.7959092887477, 21595.267785989734, -77.07315390929651, 221.44935242980932, 38.23431281189096,1.0,769
3186.636,0.5977275541588304, -1.9739650777472013, -0.9378976120280136, -1.8813206994763956, 1.580306994620293, -0.013323233629949804,-0.9999998364956578, -0.0003665976023307841, 0.0004232399367974087, 1.502449219819943e-05, 0.0001006640955803445, 5.589110970699327e-05,1.0,-8761.05404866905, -2849.841157186781, 21595.175689575568, -77.03594907646163, 221.41993312406078, 38.2344397503436,1.0,769
3186.644,0.5944658828527034, -1.9739662734682772, -0.9378962315582307, -1.8813206504714328, 1.580307322953539, -0.01332305133149081,-0.9999998364956578, -0.00036659760233078407, 0.00042323993679740875, 1.5024492198199426e-05, 0.00010066409558034449, 5.589110970699326e-05,1.0,-8760.496903828087, -2849.289764491543, 21595.110394366216, -77.06148415380892, 221.4429390024004, 38.2338329419519,1.0,769
3186.652,0.5911148506888743, -1.9739675019488345, -0.9378948132673575, -1.8813206001238676, 1.5803076602822161, -0.013322864038554094,-0.9999998364956577, -0.00036659760233078407, 0.00042323993679740875, 1.5024492198199428e-05, 0.00010066409558034449, 5.589110970699328e-05,1.0,-8760.22380299826, -2849.7628361527704, 21595.28630292829, -77.0314942373632, 221.44664828597502, 38.23383194151219,1.0,769
3186.66,0.587674457667343, -1.9739687631888732, -0.937893357155394, -1.8813205484337017, 1.5803080066063246, -0.01332267175113877,-0.9999998364956577, -0.0003665976023307841, 0.0004232399367974087, 1.5024492198199428e-05, 0.00010066409558034449, 5.589110970699327e-05,1.0,-8759.949075742137, -2850.020347657828, 21595.46292669725, -77.02633512510195, 221.4446791171756, 38.23481338808597,1.0,769
3186.6679999999997,0.5841447037881097, -1.973970057188394, -0.9378918632223412, -1.8813204954009333, 1.5803083619258647, -0.013322474469245726,-0.9999998364956577, -0.00036659760233078407, 0.00042323993679740864, 1.5024492198199426e-05, 0.00010066409558034447, 5.589110970699326e-05,1.0,-8760.237470186185, -2850.1131824098366, 21595.55669426606, -77.03169569361299, 221.4421725291665, 38.235151457877635,1.0,769
3186.676,0.5805255890511742, -1.9739713839473962, -0.9378903314681981, -1.8813204410255633, 1.580308726240836, -0.013322272192873186,-0.9999998364956577, -0.00036659760233078407, 0.0004232399367974087, 1.5024492198199428e-05, 0.00010066409558034447, 5.589110970699327e-05,1.0,-8760.218058797716, -2850.3821611285493, 21595.534237349755, -77.02055171391686, 221.45128301623055, 38.23382685257522,1.0,769
3186.6839999999997,0.5768171134565367, -1.9739727434658798, -0.9378887618929657, -1.8813203853075908, 1.5803090995512388, -0.013322064922022925,-0.9999998364956577, -0.00036659760233078407, 0.00042323993679740864, 1.5024492198199426e-05, 0.00010066409558034447, 5.589110970699326e-05,1.0,-8760.274058517325, -2849.867386044204, 21595.51618041178, -77.02916529361673, 221.4560769507563, 38.23566201464615,1.0,769
3186.692,0.573019277004197, -1.9739741357438447, -0.9378871544966421, -1.8813203282470177, 1.5803094818570729, -0.013321852656694944,-0.9999998364956578, -0.0003665976023307841, 0.0004232399367974087, 1.5024492198199428e-05, 0.00010066409558034449, 5.589110970699327e-05,1.0,-8761.02882232836, -2850.028945313915, 21595.211546686092, -77.04093416624244, 221.4369930183106, 38.23247073569402,1.0,769
3186.7,0.5691320796941552, -1.9739755607812919, -0.93788550927923, -1.881320269843843, 1.5803098731583385, -0.013321635396888354,-0.9999998364956577, -0.0003665976023307841, 0.00042323993679740875, 1.5024492198199428e-05, 0.0001006640955803445, 5.589110970699327e-05,1.0,-8760.908426882526, -2849.383705096272, 21594.91120281955, -77.05864855441396, 221.41475413367561, 38.23524332922955,1.0,769
3186.7079999999996,0.5651555215264114, -1.9739770185782195, -0.9378838262407267, -1.8813202100980657, 1.5803102734550354, -0.013321413142603156,-0.9999998364956577, -0.0003665976023307841, 0.0004232399367974087, 1.5024492198199428e-05, 0.00010066409558034449, 5.589110970699327e-05,1.0,-8760.131838688909, -2850.014671377221, 21595.22809622661, -77.03428766287968, 221.4519620008897, 38.23203018824012,1.0,769
3186.716,0.5610896025009653, -1.9739785091346294, -0.9378821053811341, -1.881320149009687, 1.5803106827471636, -0.013321185893839349,-0.9999998364956576, -0.00036659760233078407, 0.00042323993679740864, 1.5024492198199426e-05, 0.00010066409558034447, 5.589110970699326e-05,1.0,-8760.531457899162, -2849.5301604632214, 21595.40109581044, -77.03028606937218, 221.42795825919762, 38.2341347508594,1.0,769
3186.7239999999997,0.5569343226178172, -1.9739800324505206, -0.9378803467004513, -1.8813200865787065, 1.5803111010347233, -0.013320953650597822,-0.9999998364956577, -0.00036659760233078407, 0.00042323993679740864, 1.5024492198199426e-05, 0.00010066409558034447, 5.5891109706993257e-05,1.0,-8760.303839202337, -2849.730223547067, 21594.925882419215, -77.02866630554482, 221.43646750160127, 38.22883189952279,1.0,769
3186.732,0.552689681876967, -1.9739815885258931, -0.937878550198679, -1.8813200228051246, 1.5803115283177145, -0.013320716412877687,-0.9999998364956578, -0.0003665976023307841, 0.0004232399367974087, 1.502449219819943e-05, 0.00010066409558034449, 5.589110970699327e-05,1.0,-8759.860231321056, -2850.0669461862008, 21595.25216787967, -77.03113503927057, 221.45817565758813, 38.23229185669564,1.0,769
3186.74,0.5483556802784146, -1.973983177360748, -0.9378767158758166, -1.881319957688941, 1.580311964596137, -0.013320474180678943,-0.9999998364956577, -0.0003665976023307841, 0.0004232399367974087, 1.5024492198199426e-05, 0.00010066409558034447, 5.589110970699326e-05,1.0,-8760.104023129454, -2849.4827903109, 21595.451621779597, -77.03155411145329, 221.454174059546, 38.232884380573694,1.0,769
3186.748,0.5439323178221602, -1.9739847989550832, -0.9378748437318638, -1.881319891230155, 1.5803124098699908, -0.013320226954002479,-0.9999998364956578, -0.00036659760233078407, 0.0004232399367974087, 1.5024492198199426e-05, 0.00010066409558034447, 5.589110970699326e-05,1.0,-8760.13700857937, -2850.3799468242614, 21595.41571381892, -77.02587134164699, 221.45411557044622, 38.23793173713909,1.0,769
3186.756,0.5394195945082036, -1.9739864533089015, -0.9378729337668208, -1.8813198234287682, 1.580312864139276, -0.013319974732847406,-0.9999998364956577, -0.00036659760233078407, 0.00042323993679740864, 1.5024492198199426e-05, 0.00010066409558034447, 5.589110970699327e-05,1.0,-8760.616080400938, -2849.898149956013, 21595.081533353503, -77.04622193774449, 221.42936806516792, 38.22992247832212,1.0,769
3186.7639999999997,0.534817510336545, -1.9739881404222004, -0.9378709859806893, -1.881319754284779, 1.5803133274039929, -0.013319717517213725,-0.9999998364956577, -0.0003665976023307841, 0.0004232399367974087, 1.502449219819943e-05, 0.00010066409558034449, 5.589110970699327e-05,1.0,-8760.239185628083, -2849.5279462675308, 21595.161293777506, -77.0495344891255, 221.44855431762534, 38.233752404480356,1.0,769
3186.772,0.5301260653071842, -1.9739898602949806, -0.9378690003734667, -1.8813196837981883, 1.580313799664141, -0.013319455307102324,-0.9999998364956578, -0.00036659760233078407, 0.00042323993679740864, 1.5024492198199426e-05, 0.00010066409558034449, 5.589110970699327e-05,1.0,-8759.90514615393, -2849.7653879152276, 21595.444702394594, -77.04035109150007, 221.4520326070716, 38.23338240969815,1.0,769
3186.7799999999997,0.5253452594201213, -1.9739916129272421, -0.9378669769451538, -1.8813196119689959, 1.5803142809197204, -0.013319188102512314,-0.9999998364956577, -0.00036659760233078407, 0.0004232399367974087, 1.5024492198199426e-05, 0.00010066409558034447, 5.589110970699326e-05,1.0,-8760.893340158858, -2849.9322160430465, 21595.03014115386, -77.03493223924826, 221.43131790198072, 38.232046388181345,1.0,769
3186.788,0.5204750926753564, -1.973993398318986, -0.9378649156957515, -1.881319538797201, 1.5803147711707313, -0.013318915903443695,-0.9999998364956578, -0.0003665976023307841, 0.00042323993679740875, 1.502449219819943e-05, 0.00010066409558034449, 5.589110970699327e-05,1.0,-8760.356550161961, -2850.445642246729, 21595.41359987007, -77.01048486502148, 221.43685308910415, 38.23364080815912,1.0,769
3186.796,0.5155155650728893, -1.973995216470211, -0.9378628166252598, -1.8813194642828055, 1.5803152704171735, -0.013318638709897357,-0.9999998364956577, -0.00036659760233078407, 0.00042323993679740864, 1.5024492198199426e-05, 0.00010066409558034447, 5.589110970699326e-05,1.0,-8759.814459288486, -2848.9446077191305, 21595.172409993676, -77.0649023156202, 221.4551803341309, 38.23332165843951,1.0,769
3186.8039999999996,0.51046667661272, -1.9739970673809175, -0.9378606797336779, -1.8813193884258075, 1.580315778659047, -0.01331835652187241,-0.9999998364956577, -0.00036659760233078407, 0.0004232399367974087, 1.5024492198199426e-05, 0.00010066409558034449, 5.589110970699327e-05,1.0,-8760.174389618658, -2849.6341980423913, 21595.417097694422, -77.05207089867753, 221.44342600059338, 38.231331680420936,1.0,769
3186.812,0.5053284272948488, -1.9739989510511053, -0.9378585050210049, -1.8813193112262088, 1.5803162958963521, -0.013318069339368854,-0.9999998364956577, -0.00036659760233078407, 0.00042323993679740864, 1.5024492198199426e-05, 0.00010066409558034447, 5.589110970699326e-05,1.0,-8761.168349510475, -2849.9265004348927, 21594.7722002418, -77.0462333538492, 221.3983234524042, 38.229478775416965,1.0,769
3186.8199999999997,0.5001008171192753, -1.9740008674807754, -0.9378562924872433, -1.8813192326840067, 1.5803168221290884, -0.013317777162387578,-0.9999998364956577, -0.00036659760233078407, 0.00042323993679740864, 1.5024492198199426e-05, 0.00010066409558034447, 5.589110970699326e-05,1.0,-8759.942410983516, -2850.0722605572555, 21595.489380296098, -77.02910325144589, 221.46252298378323, 38.24030769158017,1.0,769
3186.828,0.4947838460859998, -1.9740028166699268, -0.9378540421323915, -1.881319152799204, 1.5803173573572562, -0.013317479990927694,-0.9999998364956576, -0.00036659760233078407, 0.0004232399367974087, 1.5024492198199426e-05, 0.00010066409558034447, 5.5891109706993257e-05,1.0,-8760.067413935012, -2849.9566982502893, 21595.578307214913, -77.02283101637786, 221.44693072322872, 38.23369850844904,1.0,769
3186.836,0.4893775141950222, -1.9740047986185587, -0.9378517539564495, -1.8813190715717996, 1.5803179015808555, -0.013317177824989201,-0.9999998364956577, -0.00036659760233078407, 0.00042323993679740875, 1.5024492198199426e-05, 0.00010066409558034449, 5.589110970699327e-05,1.0,-8760.509268954664, -2849.853598433967, 21595.341712422323, -77.03984919619703, 221.4308633929533, 38.2328052825263,1.0,769
3186.844,0.4838818214463424, -1.9740068133266728, -0.9378494279594172, -1.8813189890017936, 1.580318454799886, -0.013316870664572988,-0.9999998364956578, -0.00036659760233078407, 0.0004232399367974087, 1.5024492198199426e-05, 0.00010066409558034447, 5.589110970699327e-05,1.0,-8759.920367506087, -2849.6666080039513, 21595.021101717033, -77.05373356015448, 221.4470097947344, 38.2317619610576,1.0,769
3186.852,0.47829676783996056, -1.9740088607942692, -0.9378470641412955, -1.8813189050891852, 1.580319017014348, -0.013316558509678167,-0.9999998364956577, -0.00036659760233078407, 0.00042323993679740864, 1.5024492198199426e-05, 0.00010066409558034447, 5.589110970699326e-05,1.0,-8759.968742652181, -2849.399125049389, 21595.52393206754, -77.04768232993862, 221.46496544182935, 38.233441999487695,1.0,769
3186.8599999999997,0.47262235337587655, -1.974010941021346, -0.9378446625020835, -1.8813188198339752, 1.5803195882242413, -0.013316241360304737,-0.9999998364956577, -0.00036659760233078407, 0.0004232399367974087, 1.502449219819943e-05, 0.0001006640955803445, 5.589110970699327e-05,1.0,-8761.581352477331, -2850.350280183762, 21595.400422857332, -77.01019273073294, 221.3975406762508, 38.22474938688603,1.0,769
3186.868,0.4668585780540905, -1.974013054007905, -0.9378422230417822, -1.8813187332361636, 1.5803201684295662, -0.013315919216452698,-0.9999998364956577, -0.00036659760233078407, 0.0004232399367974086, 1.5024492198199426e-05, 0.00010066409558034446, 5.5891109706993257e-05,1.0,-8759.719364367966, -2849.2699762845905, 21595.390893762633, -77.07258194344212, 221.46760229665745, 38.22988005698352,1.0,769
3186.8759999999997,0.46100544187460224, -1.9740151997539455, -0.9378397457603906, -1.8813186452957504, 1.5803207576303224, -0.01331559207812294,-0.9999998364956577, -0.0003665976023307841, 0.0004232399367974087, 1.5024492198199426e-05, 0.00010066409558034449, 5.589110970699327e-05,1.0,-8760.498462985428, -2850.095904464405, 21595.235395736127, -77.04080463073564, 221.4524144434576, 38.23087941854865,1.0,769
3186.884,0.45506294483741194, -1.9740173782594672, -0.9378372306579088, -1.8813185560127357, 1.58032135582651, -0.01331525994531546,-0.9999998364956576, -0.00036659760233078407, 0.0004232399367974087, 1.5024492198199426e-05, 0.00010066409558034449, 5.589110970699326e-05,1.0,-8760.834421295322, -2850.275894685482, 21595.179664605526, -77.02719970980223, 221.42058956917367, 38.22661337825866,1.0,769
3186.892,0.44903108694251953, -1.9740195895244703, -0.9378346777343367, -1.8813184653871193, 1.5803219630181289, -0.013314922818028485,-0.9999998364956577, -0.00036659760233078407, 0.00042323993679740864, 1.5024492198199426e-05, 0.00010066409558034447, 5.589110970699326e-05,1.0,-8759.948200182915, -2850.0859465922304, 21595.468284689763, -77.02329638560315, 221.461503581474, 38.2364497108025,1.0,769
3186.8999999999996,0.44290986818992506, -1.9740218335489557, -0.9378320869896752, -1.8813183734189005, 1.5803225792051792, -0.01331458069626379,-0.9999998364956578, -0.0003665976023307841, 0.0004232399367974087, 1.502449219819943e-05, 0.00010066409558034449, 5.589110970699326e-05,1.0,-8760.764859748457, -2851.4434244497606, 21595.374897469414, -76.99049869157543, 221.4220720503443, 38.226550438091124,1.0,769
3186.908,0.43669928857962836, -1.9740241103329224, -0.9378294584239235, -1.88131828010808, 1.580323204387661, -0.013314233580020485,-0.9999998364956578, -0.0003665976023307841, 0.00042323993679740875, 1.5024492198199428e-05, 0.0001006640955803445, 5.589110970699328e-05,1.0,-8760.07745800635, -2849.8310978061627, 21595.412758531635, -77.03735653088921, 221.4377653891131, 38.231419575420546,1.0,769
3186.9159999999997,0.4303993481116296, -1.9740264198763704, -0.9378267920370824, -1.8813181854546581, 1.580323838565574, -0.01331388146929946,-0.9999998364956576, -0.000366597602330784, 0.0004232399367974086, 1.5024492198199424e-05, 0.00010066409558034446, 5.5891109706993257e-05,1.0,-8759.789697294995, -2850.536400427296, 21595.456168833956, -77.03069579769615, 221.4578860417592, 38.22751265373603,1.0,769
3186.924,0.4240100467859288, -1.9740287621792998, -0.937824087829151, -1.8813180894586345, 1.5803244817389184, -0.013313524364099827,-0.9999998364956578, -0.0003665976023307841, 0.00042323993679740875, 1.5024492198199428e-05, 0.00010066409558034449, 5.589110970699327e-05,1.0,-8760.306146310073, -2850.0778640063736, 21595.357928765385, -77.03944640206609, 221.44696045364395, 38.23146961899886,1.0,769
3186.932,0.4175313846025258, -1.9740311372417105, -0.9378213458001294, -1.8813179921200094, 1.5803251339076945, -0.013313162264421585,-0.9999998364956577, -0.00036659760233078407, 0.0004232399367974087, 1.5024492198199428e-05, 0.00010066409558034449, 5.589110970699326e-05,1.0,-8759.822193052652, -2849.7727737833984, 21595.588142749675, -77.03971388258142, 221.4447455383281, 38.233386981321445,1.0,769
3186.94,0.41096336156142077, -1.9740335450636035, -0.9378185659500184, -1.8813178934387826, 1.5803257950719016, -0.013312795170265623,-0.9999998364956576, -0.00036659760233078407, 0.00042323993679740864, 1.5024492198199424e-05, 0.00010066409558034446, 5.5891109706993257e-05,1.0,-8759.992973746934, -2852.6304591038897, 21594.79826130616, -76.9457097127046, 221.42491602419983, 38.2297885978582,1.0,769
3186.948,0.40430597766261356, -1.9740359856449778, -0.9378157482788172, -1.8813177934149534, 1.5803264652315403, -0.013312423081630165,-0.9999998364956578, -0.0003665976023307841, 0.00042323993679740875, 1.5024492198199428e-05, 0.00010066409558034449, 5.589110970699328e-05,1.0,-8759.61811984795, -2848.7034501940097, 21595.22768935739, -77.06126120253731, 221.4728814026418, 38.23639844872892,1.0,769
3186.9559999999997,0.3975592329061043, -1.9740384589858335, -0.9378128927865257, -1.8813176920485235, 1.5803271443866105, -0.013312045998517874,-0.9999998364956577, -0.00036659760233078407, 0.0004232399367974087, 1.5024492198199428e-05, 0.00010066409558034449, 5.589110970699327e-05,1.0,-8760.317784804769, -2850.119850905363, 21595.840448718205, -77.0254551075302, 221.44502364375018, 38.2278868168284,1.0,769
3186.964,0.39072312729189285, -1.9740409650861706, -0.9378099994731448, -1.8813175893394911, 1.580327832537112, -0.013311663920926087,-0.9999998364956577, -0.00036659760233078407, 0.00042323993679740864, 1.5024492198199426e-05, 0.00010066409558034447, 5.589110970699326e-05,1.0,-8760.76966227393, -2850.2242522176857, 21595.21091540471, -77.01581080205781, 221.418064514947, 38.23253019822471,1.0,769
3186.9719999999998,0.38379766081997935, -1.974043503945989, -0.9378070683386737, -1.8813174852878571, 1.5803285296830447, -0.01331127684885658,-0.9999998364956577, -0.0003665976023307841, 0.0004232399367974087, 1.5024492198199426e-05, 0.00010066409558034447, 5.589110970699326e-05,1.0,-8759.899166457679, -2850.4941003716904, 21594.543474273207, -77.01828993056915, 221.46194975559888, 38.23375028247679,1.0,769
3186.98,0.37678283349036373, -1.9740460755652895, -0.9378040993831123, -1.8813173798936216, 1.580329235824409, -0.013310884782308463,-0.9999998364956577, -0.00036659760233078407, 0.0004232399367974087, 1.5024492198199426e-05, 0.00010066409558034447, 5.589110970699326e-05,1.0,-8761.323174929023, -2850.9791418390296, 21595.044159977624, -77.0088272056866, 221.396410088018, 38.224573063390665,1.0,769
3186.988,0.369678645303046, -1.9740486799440715, -0.9378010926064615, -1.8813172731567835, 1.5803299509612045, -0.013310487721282627,-0.9999998364956577, -0.00036659760233078407, 0.0004232399367974087, 1.5024492198199426e-05, 0.00010066409558034449, 5.589110970699326e-05,1.0,-8759.714173913973, -2849.4207260756466, 21595.83293079367, -77.05341590063489, 221.47387025435842, 38.234419575009724,1.0,769
3186.9959999999996,0.36248509625802616, -1.9740513170823348, -0.9377980480087205, -1.8813171650773448, 1.5803306750934316, -0.013310085665777294,-0.9999998364956576, -0.00036659760233078407, 0.00042323993679740864, 1.5024492198199426e-05, 0.00010066409558034447, 5.589110970699326e-05,1.0,-8760.515388066862, -2850.187261846425, 21594.888507992717, -77.04369187951548, 221.44128221766783, 38.23129463403117,1.0,769
3187.004,0.3552021863553042, -1.9740539869800795, -0.9377949655898892, -1.8813170556553036, 1.58033140822109, -0.013309678615795129,-0.9999998364956577, -0.00036659760233078407, 0.0004232399367974087, 1.5024492198199426e-05, 0.00010066409558034449, 5.589110970699326e-05,1.0,-8759.963665560574, -2851.0579697682642, 21595.166444291604, -77.00723731234072, 221.457808444041, 38.227402250934034,1.0,769
3187.0119999999997,0.34782991559488013, -1.9740566896373064, -0.9377918453499685, -1.8813169448906608, 1.5803321503441798, -0.013309266571333467,-0.9999998364956576, -0.000366597602330784, 0.0004232399367974086, 1.5024492198199424e-05, 0.00010066409558034447, 5.5891109706993257e-05,1.0,-8760.704959053566, -2850.3262628527336, 21595.628599680786, -77.03156772522146, 221.42603357260543, 38.231189274452305,1.0,769
3187.02,0.34036828397675395, -1.9740594250540138, -0.9377886872889576, -1.8813168327834164, 1.580332901462701, -0.013308849532394085,-0.9999998364956577, -0.00036659760233078407, 0.0004232399367974087, 1.5024492198199426e-05, 0.00010066409558034447, 5.5891109706993257e-05,1.0,-8759.984670606262, -2849.2845206717857, 21595.247578266448, -77.05333297960107, 221.46122471369603, 38.23086070550559,1.0,769
3187.028,0.3328172915009257, -1.9740621932302034, -0.9377854914068573, -1.8813167193335705, 1.5803336615766537, -0.013308427498976094,-0.9999998364956577, -0.00036659760233078407, 0.0004232399367974087, 1.5024492198199428e-05, 0.00010066409558034449, 5.589110970699327e-05,1.0,-8759.76326967758, -2851.5723631576984, 21595.35129943909, -76.98382566018446, 221.45557767993608, 38.230836981796614,1.0,769
3187.036,0.3251769381673953, -1.9740649941658743, -0.9377822577036667, -1.881316604541123, 1.5803344306860376, -0.013308000471080383,-0.9999998364956578, -0.0003665976023307841, 0.0004232399367974087, 1.5024492198199426e-05, 0.00010066409558034449, 5.589110970699327e-05,1.0,-8760.250306658629, -2850.098302523603, 21595.274102114414, -77.03260095867572, 221.42772803444785, 38.22820522366891,1.0,769
3187.044,0.31744722397616276, -1.9740678278610266, -0.9377789861793859, -1.881316488406073, 1.580335208790853, -0.013307568448705176,-0.9999998364956577, -0.00036659760233078407, 0.0004232399367974087, 1.5024492198199426e-05, 0.00010066409558034447, 5.589110970699326e-05,1.0,-8760.57830069701, -2850.0417387659336, 21595.370086082014, -77.0364618705982, 221.43018798298158, 38.230872867860654,1.0,769
3187.0519999999997,0.3096281489272282, -1.9740706943156612, -0.9377756768340149, -1.8813163709284222, 1.5803359958910999, -0.013307131431852248,-0.9999998364956577, -0.0003665976023307841, 0.0004232399367974087, 1.5024492198199428e-05, 0.00010066409558034449, 5.589110970699327e-05,1.0,-8760.281431959327, -2849.67670491068, 21594.705122765332, -77.03824129193686, 221.42670742742632, 38.22600279896113,1.0,769
3187.06,0.3017197130205914, -1.9740735935297762, -0.9377723296675544, -1.881316252108169, 1.580336791986778, -0.0133066894205216,-0.9999998364956578, -0.0003665976023307841, 0.0004232399367974087, 1.5024492198199428e-05, 0.00010066409558034449, 5.589110970699327e-05,1.0,-8759.8175513037, -2851.1565475602074, 21595.3024044696, -76.99131130483016, 221.45906613189652, 38.22791262447308,1.0,769
3187.0679999999998,0.2937219162562526, -1.9740765255033734, -0.9377689446800037, -1.8813161319453142, 1.5803375970778875, -0.013306242414712344,-0.9999998364956577, -0.00036659760233078407, 0.0004232399367974087, 1.5024492198199428e-05, 0.00010066409558034449, 5.589110970699327e-05,1.0,-8760.568011110372, -2850.080866619822, 21595.10566076114, -77.0307776409752, 221.42213016485653, 38.23046684456074,1.0,769
3187.076,0.28563475863421167, -1.974079490236452, -0.9377655218713636, -1.8813160104398579, 1.5803384111644285, -0.013305790414424479,-0.9999998364956578, -0.0003665976023307841, 0.00042323993679740875, 1.502449219819943e-05, 0.00010066409558034449, 5.589110970699327e-05,1.0,-8760.475607656257, -2850.242238813651, 21594.96548047722, -77.04449312897532, 221.44046544120818, 38.22361994661375,1.0,769
3187.084,0.2774582401544686, -1.974082487729012, -0.9377620612416333, -1.8813158875918, 1.5803392342464009, -0.013305333419658005,-0.9999998364956576, -0.00036659760233078407, 0.0004232399367974087, 1.5024492198199426e-05, 0.00010066409558034447, 5.589110970699326e-05,1.0,-8759.664578388269, -2849.6201749779048, 21594.609816691704, -77.0529934878711, 221.4532473315196, 38.23172389675503,1.0,769
3187.0919999999996,0.26919236081702347, -1.9740855179810541, -0.9377585627908127, -1.8813157634011395, 1.5803400663238045, -0.013304871430413812,-0.9999998364956577, -0.00036659760233078407, 0.0004232399367974087, 1.5024492198199426e-05, 0.00010066409558034449, 5.589110970699326e-05,1.0,-8759.996919978978, -2850.6368159321437, 21595.25167253267, -76.9915128795403, 221.4450453074807, 38.23169314962104,1.0,769
3187.1,0.2608399131486795, -1.9740885799688437, -0.9377550277008115, -1.8813156379098341, 1.5803409071155323, -0.013304404602768827,-0.9999998364956577, -0.0003665976023307841, 0.0004232399367974087, 1.502449219819943e-05, 0.00010066409558034449, 5.589110970699327e-05,1.0,-8760.257932163671, -2850.1479473753825, 21595.08968329249, -77.0380555845087, 221.43113277924851, 38.22314457186795,1.0,769
3187.1079999999997,0.25246611417505066, -1.974091649783972, -0.9377514835740834, -1.8813155120977365, 1.5803417500565704, -0.01330393658177531,-0.9999998364956577, -0.0003665976023307842, 0.00042323993679740875, 1.502449219819943e-05, 0.00010066409558034451, 5.5891109706993284e-05,1.0,-8759.507858021527, -2851.934968217388, 21595.17321382667, -76.99046688718838, 221.45358599371798, 38.22400967112645,1.0,769
3187.116,0.2441592108233137, -1.9740946950753209, -0.9377479677602594, -1.8813153872907113, 1.58034258626362, -0.013303472299652341,-0.9999998364956579, -0.0003665976023307843, 0.00042323993679740875, 1.502449219819943e-05, 0.00010066409558034453, 5.589110970699329e-05,1.0,-8755.93653197105, -2849.6814859208507, 21595.96535352903, -77.02802809648293, 221.59484222329263, 38.2426137569617,1.0,769
3187.124,0.23594166832927882, -1.9740977076071893, -0.9377444897675247, -1.8813152638262878, 1.5803434134752383, -0.01330301301200798,-0.9999998364956576, -0.0003665976023307842, 0.00042323993679740864, 1.5024492198199428e-05, 0.0001006640955803445, 5.589110970699328e-05,1.0,-8758.032964409784, -2850.1565586896686, 21595.14408372385, -77.03531896458466, 221.51037177178, 38.22817503150304,1.0,769
3187.132,0.2278134866929461, -1.9741006873795754, -0.9377410495958802, -1.8813151417044667, 1.5803442316914251, -0.013302558718842228,-0.9999998364956578, -0.0003665976023307842, 0.0004232399367974087, 1.502449219819943e-05, 0.00010066409558034451, 5.5891109706993284e-05,1.0,-8758.157781706546, -2850.7452507704393, 21594.980658166933, -77.01825725672299, 221.47617661707574, 38.22603930087763,1.0,769
3187.14,0.21977466591431544, -1.9741036343924803, -0.937737647245326, -1.8813150209252463, 1.5803450409121806, -0.013302109420155084,-0.9999998364956577, -0.0003665976023307842, 0.0004232399367974087, 1.5024492198199428e-05, 0.0001006640955803445, 5.5891109706993284e-05,1.0,-8756.18424815644, -2851.143987649817, 21594.294944007444, -77.01474135387241, 221.5660919226296, 38.23213463358124,1.0,769
3187.1479999999997,0.21182520599338722, -1.9741065486459037, -0.9377342827158612, -1.8813149014886283, 1.5803458411375049, -0.01330166511594566,-0.9999998364956578, -0.0003665976023307843, 0.0004232399367974088, 1.5024492198199433e-05, 0.00010066409558034453, 5.58911097069933e-05,1.0,-8755.543591142, -2849.0500904692317, 21595.84244213839, -77.04745312047731, 221.6005727935531, 38.23577145498763,1.0,769
3187.156,0.2039651069301608, -1.9741094301398459, -0.9377309560074867, -1.881314783394612, 1.5803466323673976, -0.013301225806214845,-0.9999998364956578, -0.00036659760233078424, 0.0004232399367974088, 1.5024492198199433e-05, 0.00010066409558034453, 5.5891109706993284e-05,1.0,-8757.923613690757, -2850.127877349346, 21595.515722467015, -77.02027876605192, 221.50775217424228, 38.22493043171971,1.0,769
3187.1639999999998,0.19619436872463647, -1.9741122788743057, -0.9377276671202015, -1.8813146666431972, 1.580347414601859, -0.013300791490962638,-0.9999998364956577, -0.00036659760233078424, 0.0004232399367974087, 1.502449219819943e-05, 0.00010066409558034451, 5.589110970699328e-05,1.0,-8758.063723047713, -2850.369303833181, 21594.87769476659, -77.02203971563134, 221.51429031385663, 38.22689856466056,1.0,769
3187.172,0.18851299137681427, -1.9741150948492843, -0.9377244160540066, -1.881314551234384, 1.580348187840889, -0.013300362170188151,-0.9999998364956577, -0.0003665976023307842, 0.0004232399367974087, 1.502449219819943e-05, 0.00010066409558034451, 5.589110970699328e-05,1.0,-8758.161289641026, -2850.6835061768898, 21594.463675479426, -77.01593332619873, 221.51151192863045, 38.22685546565867,1.0,769
3187.18,0.1809209748866944, -1.9741178780647815, -0.9377212028089019, -1.8813144371681734, 1.5803489520844873, -0.013299937843892273,-0.9999998364956577, -0.0003665976023307842, 0.00042323993679740875, 1.5024492198199428e-05, 0.00010066409558034451, 5.589110970699328e-05,1.0,-8756.753531265476, -2849.182378229022, 21595.923574313267, -77.03325546963885, 221.5571544953038, 38.238590871865085,1.0,769
3187.1879999999996,0.17341831925427642, -1.9741206285207973, -0.9377180273848875, -1.8813143244445643, 1.5803497073326547, -0.013299518512074116,-0.9999998364956578, -0.00036659760233078424, 0.0004232399367974087, 1.502449219819943e-05, 0.0001006640955803445, 5.5891109706993284e-05,1.0,-8758.02415859496, -2850.0334687375125, 21595.304295552134, -77.03350566526768, 221.5021684741625, 38.230494875129835,1.0,769
3187.196,0.16600502447956067, -1.9741233462173309, -0.9377148897819625, -1.8813142130635558, 1.5803504535853905, -0.013299104174735454,-0.9999998364956576, -0.00036659760233078424, 0.0004232399367974087, 1.5024492198199431e-05, 0.0001006640955803445, 5.5891109706993284e-05,1.0,-8758.204559141543, -2850.587901852483, 21595.00753250739, -77.01850104202401, 221.5085077343478, 38.2269761853793,1.0,769
3187.2039999999997,0.15868109056254687, -1.974126031154384, -0.9377117900001277, -1.8813141030251508, 1.5803511908426948, -0.013298694831874514,-0.9999998364956577, -0.00036659760233078424, 0.00042323993679740875, 1.502449219819943e-05, 0.00010066409558034451, 5.589110970699329e-05,1.0,-8757.907764283304, -2850.411729878616, 21594.957106962058, -77.02465391808701, 221.51432016689245, 38.228280554389215,1.0,769
3187.212,0.15144651750323546, -1.974128683331955, -0.9377087280393823, -1.8813139943293464, 1.5803519191045678, -0.013298290483491293,-0.9999998364956577, -0.00036659760233078424, 0.0004232399367974087, 1.502449219819943e-05, 0.0001006640955803445, 5.5891109706993284e-05,1.0,-8756.083566355672, -2848.4447417538104, 21595.40392325843, -77.08597453237053, 221.59577659099966, 38.232945853450616,1.0,769
3187.22,0.14430130530162588, -1.9741313027500444, -0.9377057038997272, -1.8813138869761437, 1.5803526383710094, -0.013297891129587569,-0.9999998364956577, -0.00036659760233078424, 0.00042323993679740875, 1.5024492198199431e-05, 0.0001006640955803445, 5.589110970699329e-05,1.0,-8757.492360590742, -2850.188147896196, 21595.366122666404, -77.01235455946824, 221.53063490721576, 38.231193835537454,1.0,769
3187.228,0.13724545395771848, -1.9741338894086526, -0.9377027175811623, -1.8813137809655425, 1.5803533486420198, -0.013297496770161565,-0.9999998364956577, -0.0003665976023307841, 0.0004232399367974087, 1.5024492198199428e-05, 0.00010066409558034449, 5.5891109706993284e-05,1.0,-8757.650652901266, -2850.138497195516, 21594.820384915118, -77.03032832935708, 221.5307692300704, 38.22758764077105,1.0,769
3187.236,0.13027896347151313, -1.9741364433077795, -0.9376997690836868, -1.8813136762975438, 1.5803540499175985, -0.013297107405213282,-0.9999998364956577, -0.0003665976023307842, 0.00042323993679740875, 1.502449219819943e-05, 0.00010066409558034449, 5.589110970699327e-05,1.0,-8757.455915936813, -2849.3942449759597, 21595.131571469952, -77.04949537957646, 221.5335698198101, 38.235024803521526,1.0,769
3187.2439999999997,0.12340183384300996, -1.974138964447424, -0.9376968584073015, -1.8813135729721466, 1.580354742197746, -0.013296723034744495,-0.9999998364956578, -0.0003665976023307843, 0.0004232399367974088, 1.5024492198199431e-05, 0.00010066409558034454, 5.589110970699329e-05,1.0,-8757.494136368246, -2849.404162803683, 21595.274169652814, -77.04932998619307, 221.53037549314024, 38.23026266472456,1.0,769
3187.252,0.11661406507220906, -1.9741414528275874, -0.9376939855520066, -1.881313470989351, 1.5803554254824619, -0.013296343658753429,-0.9999998364956578, -0.00036659760233078424, 0.00042323993679740875, 1.5024492198199431e-05, 0.00010066409558034453, 5.589110970699329e-05,1.0,-8757.654976143682, -2848.824979535899, 21595.20791486645, -77.06817717785606, 221.54168364812148, 38.22552392993785,1.0,769
3187.2599999999998,0.10991565715911011, -1.9741439084482693, -0.9376911505178009, -1.8813133703491562, 1.5803560997717465, -0.013295969277240083,-0.9999998364956577, -0.00036659760233078424, 0.00042323993679740875, 1.5024492198199431e-05, 0.00010066409558034451, 5.5891109706993284e-05,1.0,-8758.528997942292, -2849.8163150101554, 21595.1038273433, -77.04162202614455, 221.50550367374797, 38.226075232818914,1.0,769
3187.268,0.10330661010371323, -1.9741463313094698, -0.9376883533046856, -1.8813132710515648, 1.5803567650656, -0.013295599890206233,-0.9999998364956578, -0.00036659760233078424, 0.00042323993679740875, 1.502449219819943e-05, 0.00010066409558034451, 5.589110970699329e-05,1.0,-8757.715030462366, -2850.0008057599225, 21595.072822909562, -77.04433939813762, 221.51884543297422, 38.231347249890376,1.0,769
3187.276,0.0967869239060184, -1.9741487214111881, -0.9376855939126605, -1.881313173096574, 1.5803574213640217, -0.013295235497650104,-0.9999998364956577, -0.0003665976023307842, 0.00042323993679740875, 1.502449219819943e-05, 0.0001006640955803445, 5.5891109706993284e-05,1.0,-8758.094219660623, -2849.8561080993195, 21595.49976019565, -77.03583597796802, 221.51224670626198, 38.23219437887019,1.0,769
3187.2839999999997,0.09035659856602596, -1.974151078753426, -0.9376828723417248, -1.8813130764841857, 1.5803580686670122, -0.013294876099571695,-0.9999998364956578, -0.00036659760233078424, 0.0004232399367974087, 1.5024492198199428e-05, 0.0001006640955803445, 5.589110970699329e-05,1.0,-8757.754601646748, -2848.618736819517, 21595.04545930656, -77.08087196563858, 221.53092301428057, 38.23161262040537,1.0,769
3187.292,0.08401563408373547, -1.9741534033361816, -0.9376801885918793, -1.881312981214398, 1.5803587069745713, -0.013294521695972783,-0.9999998364956577, -0.0003665976023307843, 0.00042323993679740875, 1.5024492198199431e-05, 0.00010066409558034454, 5.58911097069933e-05,1.0,-8758.258251433788, -2849.7288422798956, 21595.166450578923, -77.04563939466757, 221.5064246785347, 38.2271230202428,1.0,769
3187.2999999999997,0.07776403045914726, -1.9741556951594559, -0.9376775426631241, -1.8813128872872138, 1.580359336286699, -0.013294172286851591,-0.9999998364956577, -0.00036659760233078424, 0.00042323993679740875, 1.5024492198199431e-05, 0.00010066409558034453, 5.58911097069933e-05,1.0,-8757.973264561251, -2849.0017940324915, 21595.173812948986, -77.07395633318271, 221.51617686666935, 38.232310708851344,1.0,769
3187.308,0.07160178769226067, -1.974157954223248, -0.9376749345554583, -1.8813127947026302, 1.5803599566033955, -0.01329382787220812,-0.9999998364956578, -0.0003665976023307843, 0.00042323993679740875, 1.502449219819943e-05, 0.00010066409558034453, 5.5891109706993284e-05,1.0,-8757.548635523415, -2850.089886428217, 21595.280313233474, -77.02980196288215, 221.53759150974298, 38.2277444483484,1.0,769
3187.316,0.06552890578307669, -1.9741601805275595, -0.9376723642688827, -1.8813127034606483, 1.5803605679246602, -0.013293488452044144,-0.9999998364956577, -0.0003665976023307843, 0.00042323993679740875, 1.502449219819943e-05, 0.00010066409558034451, 5.589110970699328e-05,1.0,-8758.381982201194, -2850.709380810141, 21595.204367390237, -77.0113533213148, 221.4912605351641, 38.227361553062906,1.0,769
3187.324,0.05954538473159432, -1.9741623740723888, -0.9376698318033965, -1.8813126135612679, 1.5803611702504938, -0.01329315402635789,-0.9999998364956578, -0.00036659760233078424, 0.00042323993679740875, 1.5024492198199431e-05, 0.00010066409558034451, 5.5891109706993284e-05,1.0,-8757.659475026772, -2848.480840802764, 21595.36494870137, -77.06607515151865, 221.53352830480276, 38.22800635417798,1.0,769
3187.332,0.05365122453781457, -1.9741645348577368, -0.9376673371590005, -1.881312525004489, 1.5803617635808958, -0.013292824595150243,-0.9999998364956579, -0.0003665976023307843, 0.0004232399367974088, 1.502449219819943e-05, 0.00010066409558034451, 5.589110970699329e-05,1.0,-8757.577533650263, -2849.488005285775, 21595.557118487945, -77.0455495349371, 221.5308114836406, 38.221954097341694,1.0,769
3187.3399999999997,0.047846425201736986, -1.9741666628836034, -0.9376648803356948, -1.8813124377903128, 1.5803623479158666, -0.013292500158420317,-0.9999998364956578, -0.0003665976023307844, 0.00042323993679740886, 1.5024492198199435e-05, 0.00010066409558034457, 5.5891109706993304e-05,1.0,-8757.68648098096, -2848.5819502657287, 21595.17362691668, -77.06712851248983, 221.53082811840574, 38.23115870206473,1.0,769
3187.348,0.04213098672336124, -1.9741687581499887, -0.9376624613334794, -1.881312351918738, 1.580362923255406, -0.013292180716169,-0.9999998364956577, -0.0003665976023307843, 0.00042323993679740875, 1.502449219819943e-05, 0.00010066409558034451, 5.58911097069933e-05,1.0,-8757.802225034426, -2849.793471273465, 21594.955604644216, -77.02068776162216, 221.50766383808434, 38.22371657999463,1.0,769
3187.3559999999998,0.03650490910268733, -1.9741708206568926, -0.9376600801523534, -1.8813122673897649, 1.580363489599514, -0.01329186626839629,-0.9999998364956577, -0.0003665976023307841, 0.00042323993679740864, 1.502449219819943e-05, 0.0001006640955803445, 5.58911097069933e-05,1.0,-8757.724139473985, -2848.6458493657237, 21595.171985435838, -77.066059382965, 221.52292442505615, 38.230425349307666,1.0,769
3187.364,0.030968192339715928, -1.9741728504043143, -0.9376577367923176, -1.8813121842033933, 1.5803640469481905, -0.013291556815101302,-0.9999998364956578, -0.00036659760233078424, 0.00042323993679740875, 1.5024492198199428e-05, 0.00010066409558034453, 5.589110970699328e-05,1.0,-8757.49037452458, -2848.635285339912, 21595.45525414471, -77.07892383222796, 221.53497504844654, 38.2308296929055,1.0,769
3187.372,0.025520836434446692, -1.9741748473922547, -0.9376554312533711, -1.8813121023596242, 1.5803645953014356, -0.013291252356284922,-0.9999998364956577, -0.00036659760233078424, 0.00042323993679740864, 1.5024492198199428e-05, 0.00010066409558034451, 5.589110970699328e-05,1.0,-8757.7842846962, -2849.6148565487965, 21595.403361906647, -77.03439732000024, 221.53956456770266, 38.22627360349543,1.0,769
3187.3799999999997,0.020162841386879293, -1.9741768116207137, -0.937653163535515, -1.8813120218584558, 1.5803651346592493, -0.01329095289194715,-0.9999998364956576, -0.0003665976023307842, 0.0004232399367974088, 1.5024492198199433e-05, 0.00010066409558034453, 5.589110970699329e-05,1.0,-8757.903544806039, -2849.71076771771, 21595.18563837335, -77.02883651945734, 221.5318226456913, 38.226961586294635,1.0,769
3187.388,0.014894207197014286, -1.9741787430896913, -0.9376509336387491, -1.8813119426998899, 1.5803656650216318, -0.013290658422087986,-0.9999998364956577, -0.0003665976023307843, 0.00042323993679740875, 1.502449219819943e-05, 0.00010066409558034453, 5.589110970699329e-05,1.0,-8758.198340246541, -2849.999611360623, 21595.27179576294, -77.02521023475771, 221.51486363000845, 38.22178731886717,1.0,769
3187.3959999999997,0.009714933864850894, -1.9741806417991867, -0.9376487415630734, -1.8813118648839247, 1.5803661863885827, -0.013290368946706543,-0.9999998364956578, -0.00036659760233078434, 0.0004232399367974087, 1.5024492198199433e-05, 0.00010066409558034453, 5.58911097069933e-05,1.0,-8757.257779853922, -2848.9268907829473, 21595.55647266641, -77.0633335527398, 221.5560303686928, 38.23406987956736,1.0,769
3187.404,0.004625021390390116, -1.9741825077492017, -0.9376465873084872, -1.881311788410562, 1.5803666987601024, -0.013290084465803709,-0.9999998364956578, -0.0003665976023307842, 0.00042323993679740875, 1.5024492198199428e-05, 0.00010066409558034451, 5.58911097069933e-05,1.0,-8758.104666759264, -2849.3907816095607, 21594.85463005824, -77.0655934556383, 221.5117687217392, 38.225992923185146,1.0,769
3187.412,-0.00037553022636860334, -1.9741843409397344, -0.9376444708749903, -1.8813117132798016, 1.5803672021361905, -0.013289804979378594,-0.9999998364956577, -0.0003665976023307842, 0.00042323993679740864, 1.5024492198199428e-05, 0.00010066409558034449, 5.589110970699329e-05,1.0,-8757.90859779732, -2849.8776851094144, 21595.177170380724, -77.0276836944283, 221.51710290947676, 38.224964611583346,1.0,769
3187.42,-0.00528672098542593, -1.9741861413707849, -0.9376423922625845, -1.881311639491642, 1.5803676965168474, -0.013289530487432089,-0.9999998364956578, -0.0003665976023307843, 0.00042323993679740875, 1.502449219819943e-05, 0.00010066409558034453, 5.58911097069933e-05,1.0,-8757.616721179636, -2849.2959675850434, 21595.511186175285, -77.04396586456329, 221.5467650630984, 38.22575211177485,1.0,769
3187.428,-0.01010855088678042, -1.9741879090423549, -0.9376403514712681, -1.881311567046085, 1.5803681819020727, -0.013289260989964191,-0.9999998364956577, -0.00036659760233078424, 0.00042323993679740875, 1.502449219819943e-05, 0.00010066409558034455, 5.589110970699331e-05,1.0,-8757.229299779496, -2849.044880870788, 21595.55613934795, -77.0514463822216, 221.53402393695438, 38.2294899920272,1.0,769
3187.4359999999997,-0.014841019930432964, -1.9741896439544426, -0.9376383485010411, -1.8813114959431285, 1.5803686582918668, -0.013288996486974014,-0.9999998364956578, -0.00036659760233078434, 0.0004232399367974089, 1.5024492198199433e-05, 0.00010066409558034454, 5.589110970699329e-05,1.0,-8757.38635545533, -2849.535004764085, 21594.916271639107, -77.03339228245238, 221.51797589558612, 38.227791832601355,1.0,769
3187.444,-0.01948412811638356, -1.97419134610705, -0.9376363833519044, -1.8813114261827746, 1.5803691256862296, -0.013288736978463334,-0.9999998364956577, -0.00036659760233078434, 0.00042323993679740875, 1.5024492198199433e-05, 0.00010066409558034453, 5.589110970699329e-05,1.0,-8757.575103719702, -2849.625051574154, 21595.030150046186, -77.0365262158777, 221.53360568572106, 38.22327844339199,1.0,769
3187.4519999999998,-0.024037875444631318, -1.974193015500175, -0.9376344560238579, -1.8813113577650222, 1.5803695840851606, -0.013288482464429485,-0.9999998364956577, -0.0003665976023307841, 0.00042323993679740864, 1.5024492198199428e-05, 0.0001006640955803445, 5.5891109706993284e-05,1.0,-8757.657076793153, -2848.915911176372, 21595.315713972846, -77.06892099205808, 221.52819923247733, 38.23052220315495,1.0,769
3187.46,-0.028502261915178018, -1.9741946521338178, -0.9376325665169016, -1.8813112906898715, 1.5803700334886606, -0.013288232944875134,-0.9999998364956578, -0.00036659760233078424, 0.00042323993679740875, 1.5024492198199431e-05, 0.0001006640955803445, 5.589110970699329e-05,1.0,-8758.396046999671, -2849.456778154714, 21595.27289793074, -77.0642774531735, 221.5063185910928, 38.23218688776208,1.0,769
3187.468,-0.03287728752802188, -1.9741962560079802, -0.9376307148310348, -1.8813112249573223, 1.580370473896729, -0.013287988419798502,-0.9999998364956577, -0.00036659760233078424, 0.0004232399367974086, 1.5024492198199424e-05, 0.00010066409558034453, 5.5891109706993284e-05,1.0,-8757.628018445037, -2849.355641791014, 21595.557353890556, -77.04349137975731, 221.53749332689995, 38.22708181942011,1.0,769
3187.4759999999997,-0.03716295228316291, -1.9741978271226603, -0.9376289009662582, -1.8813111605673756, 1.5803709053093662, -0.01328774888920048,-0.9999998364956576, -0.00036659760233078424, 0.00042323993679740886, 1.5024492198199431e-05, 0.00010066409558034455, 5.58911097069933e-05,1.0,-8758.578116529956, -2849.24232560188, 21595.197944821735, -77.04655697257618, 221.50106529773967, 38.231221498734214,1.0,769
3187.484,-0.041359256180603765, -1.97419936547786, -0.9376271249225718, -1.8813110975200296, 1.5803713277265719, -0.013287514353080176,-0.9999998364956577, -0.0003665976023307843, 0.0004232399367974088, 1.5024492198199435e-05, 0.00010066409558034455, 5.5891109706993304e-05,1.0,-8758.126210039156, -2850.0904161542358, 21595.44767261877, -77.03282629100642, 221.52152677213843, 38.226449029269475,1.0,769
3187.4919999999997,-0.0454661992203409, -1.9742008710735774, -0.9376253866999749, -1.881311035815286, 1.580371741148346, -0.01328728481143937,-0.9999998364956576, -0.0003665976023307843, 0.00042323993679740864, 1.5024492198199428e-05, 0.00010066409558034453, 5.5891109706993304e-05,1.0,-8757.55442210234, -2849.127702147326, 21595.558747481387, -77.05730375240927, 221.52839844208802, 38.22934620041656,1.0,769
3187.5,-0.04948378140237697, -1.9742023439098126, -0.9376236862984682, -1.881310975453144, 1.5803721455746889, -0.013287060264275397,-0.9999998364956577, -0.0003665976023307842, 0.00042323993679740875, 1.5024492198199431e-05, 0.00010066409558034453, 5.589110970699331e-05,1.0,-8757.814725459306, -2848.9306714326103, 21595.508736467684, -77.06078178403746, 221.5256219140095, 38.22576366949457,1.0,769
3187.508,-0.053412002726710206, -1.9742037839865674, -0.9376220237180508, -1.8813109164336037, 1.5803725410056004, -0.01328684071159092,-0.9999998364956577, -0.0003665976023307842, 0.0004232399367974086, 1.5024492198199431e-05, 0.0001006640955803445, 5.5891109706993304e-05,1.0,-8758.190856355248, -2848.842839490393, 21595.288917544138, -77.04747952235192, 221.5129464463722, 38.22612208875597,1.0,769
3187.516,-0.057250863193341495, -1.9742051913038408, -0.9376203989587246, -1.881310858756665, 1.5803729274410807, -0.013286626153384162,-0.9999998364956578, -0.0003665976023307843, 0.00042323993679740875, 1.5024492198199428e-05, 0.00010066409558034455, 5.5891109706993284e-05,1.0,-8758.446875453217, -2849.429290620219, 21594.913316056234, -77.05780622509641, 221.49365722075618, 38.22128927505523,1.0,769
3187.524,-0.061000362802270836, -1.974206565861632, -0.9376188120204869, -1.8813108024223286, 1.5803733048811293, -0.013286416589656014,-0.9999998364956578, -0.00036659760233078456, 0.00042323993679740886, 1.5024492198199436e-05, 0.00010066409558034458, 5.589110970699331e-05,1.0,-8757.630384091963, -2848.605711221, 21595.06587709368, -77.07688536274597, 221.51220395014462, 38.230158737402576,1.0,769
3187.5319999999997,-0.06466050155349823, -1.9742079076599417, -0.9376172629033404, -1.881310747430593, 1.5803736733257467, -0.013286212020406474,-0.9999998364956578, -0.00036659760233078434, 0.00042323993679740896, 1.5024492198199431e-05, 0.00010066409558034457, 5.589110970699331e-05,1.0,-8757.514639393796, -2848.727938982185, 21595.28150287248, -77.06715424925292, 221.52482126366732, 38.22984510699186,1.0,769
3187.54,-0.06823127944702367, -1.9742092166987701, -0.9376157516072832, -1.8813106937814599, 1.5803740327749325, -0.013286012445634654,-0.9999998364956577, -0.0003665976023307844, 0.0004232399367974088, 1.5024492198199431e-05, 0.00010066409558034454, 5.5891109706993304e-05,1.0,-8757.908850950442, -2848.6612802106283, 21595.248183389187, -77.056847605104, 221.51120100179565, 38.22747003857938,1.0,769
3187.548,-0.07171269648284628, -1.9742104929781163, -0.9376142781323162, -1.8813106414749283, 1.580374383228687, -0.013285817865341443,-0.9999998364956577, -0.00036659760233078445, 0.00042323993679740864, 1.5024492198199435e-05, 0.00010066409558034453, 5.5891109706993304e-05,1.0,-8757.39748840643, -2849.153476497785, 21594.838359497262, -77.0569753366211, 221.51911586010522, 38.22695027684793,1.0,769
3187.556,-0.07510475266096694, -1.974211736497982, -0.9376128424784387, -1.8813105905109984, 1.5803747246870103, -0.013285628279525952,-0.9999998364956579, -0.0003665976023307843, 0.0004232399367974088, 1.502449219819943e-05, 0.00010066409558034453, 5.589110970699331e-05,1.0,-8757.266816605079, -2848.7129339866124, 21595.01075282991, -77.0651841773223, 221.54493651657486, 38.225191232647546,1.0,769
3187.564,-0.07840744798138566, -1.9742129472583656, -0.9376114446456514, -1.88131054088967, 1.5803750571499022, -0.013285443688189957,-0.9999998364956578, -0.00036659760233078434, 0.00042323993679740864, 1.502449219819943e-05, 0.0001006640955803445, 5.5891109706993304e-05,1.0,-8757.343535009255, -2848.955180065036, 21595.171876717486, -77.05778901422488, 221.52412768765384, 38.22932573258987,1.0,769
3187.5719999999997,-0.08162078244410242, -1.9742141252592678, -0.9376100846339543, -1.8813104926109432, 1.5803753806173624, -0.013285264091331683,-0.9999998364956578, -0.0003665976023307846, 0.000423239936797409, 1.5024492198199433e-05, 0.00010066409558034461, 5.589110970699334e-05,1.0,-8758.004639912284, -2849.571617097906, 21595.28310857243, -77.04804089679484, 221.5147689016161, 38.22440705400467,1.0,769
3187.58,-0.08474475604911724, -1.9742152705006877, -0.9376087624433467, -1.8813104456748189, 1.5803756950893915, -0.01328508948895113,-0.9999998364956578, -0.0003665976023307844, 0.00042323993679740886, 1.5024492198199435e-05, 0.0001006640955803446, 5.589110970699334e-05,1.0,-8757.628294203907, -2848.7777787200594, 21595.507975482487, -77.07070059644306, 221.54970556682423, 38.22937029033656,1.0,769
3187.5879999999997,-0.08777936879642922, -1.9742163829826271, -0.9376074780738293, -1.8813104000812961, 1.580376000565989, -0.013284919881049184,-0.9999998364956578, -0.0003665976023307845, 0.0004232399367974087, 1.5024492198199438e-05, 0.00010066409558034458, 5.5891109706993304e-05,1.0,-8759.074715469844, -2849.847664117784, 21595.322538807086, -77.04009524489672, 221.48874643782005, 38.22326231028819,1.0,769
3187.596,-0.09072462068604015, -1.9742174627050844, -0.9376062315254021, -1.881310355830375, 1.5803762970471553, -0.013284755267625847,-0.9999998364956577, -0.0003665976023307845, 0.0004232399367974088, 1.5024492198199428e-05, 0.00010066409558034454, 5.58911097069933e-05,1.0,-8757.841857708807, -2848.733001184064, 21595.46809873277, -77.08536400809092, 221.53615867273248, 38.22739929463785,1.0,769
3187.604,-0.09358051171794823, -1.9742185096680611, -0.9376050227980652, -1.8813103129220554, 1.58037658453289, -0.013284595648681119,-0.9999998364956578, -0.0003665976023307843, 0.00042323993679740864, 1.5024492198199431e-05, 0.00010066409558034453, 5.58911097069933e-05,1.0,-8757.921871724895, -2849.131206082403, 21595.463405159313, -77.04734620036965, 221.51699511091334, 38.22837222208372,1.0,769
3187.612,-0.09634704189215437, -1.9742195238715556, -0.9376038518918168, -1.8813102713563374, 1.5803768630231934, -0.013284441024214111,-0.9999998364956578, -0.0003665976023307844, 0.0004232399367974088, 1.5024492198199433e-05, 0.00010066409558034451, 5.58911097069933e-05,1.0,-8758.280580466153, -2849.40901956774, 21595.140058975117, -77.04322069650436, 221.51341918418325, 38.22021800603312,1.0,769
3187.62,-0.09902421120865768, -1.974220505315568, -0.9376027188066596, -1.881310231133221, 1.5803771325180653, -0.013284291394225711,-0.9999998364956578, -0.0003665976023307847, 0.0004232399367974089, 1.5024492198199436e-05, 0.00010066409558034463, 5.589110970699333e-05,1.0,-8757.86828236308, -2848.3172197624544, 21595.48115940638, -77.07394352062443, 221.52988669837026, 38.22490395612857,1.0,769
3187.6279999999997,-0.10161201966745992, -1.9742214540000997, -0.9376016235425926, -1.8813101922527071, 1.580377393017506, -0.01328414675871592,-0.9999998364956577, -0.0003665976023307844, 0.00042323993679740896, 1.5024492198199436e-05, 0.00010066409558034461, 5.5891109706993324e-05,1.0,-8757.51107660058, -2848.9260240617496, 21595.688433506526, -77.06796549681164, 221.52696016880395, 38.22664366282456,1.0,769
3187.636,-0.10411046726856021, -1.9742223699251493, -0.9376005660996141, -1.8813101547147948, 1.5803776445215154, -0.01328400711768385,-0.9999998364956577, -0.0003665976023307845, 0.0004232399367974088, 1.5024492198199428e-05, 0.00010066409558034458, 5.589110970699333e-05,1.0,-8757.06495193737, -2848.496723015961, 21594.814472380414, -77.08008202656998, 221.56054709070713, 38.22982701031566,1.0,769
3187.644,-0.10651955401195767, -1.9742232530907176, -0.9375995464777267, -1.8813101185194832, 1.5803778870300933, -0.013283872471130387,-0.9999998364956577, -0.0003665976023307846, 0.00042323993679740864, 1.5024492198199431e-05, 0.00010066409558034457, 5.589110970699333e-05,1.0,-8757.835302511452, -2849.691092050163, 21595.080067999486, -77.02444795788617, 221.49671078713044, 38.21596150547842,1.0,769
3187.652,-0.10883927989765319, -1.9742241034968044, -0.9375985646769287, -1.881310083666774, 1.5803781205432397, -0.013283742819055533,-0.9999998364956577, -0.00036659760233078434, 0.0004232399367974088, 1.5024492198199435e-05, 0.00010066409558034454, 5.589110970699333e-05,1.0,-8757.58627032753, -2848.2451565069678, 21595.506327160147, -77.07371050000475, 221.53724778649854, 38.229537310431056,1.0,769
3187.66,-0.11106964492564675, -1.97422492114341, -0.937597620697221, -1.8813100501566673, 1.5803783450609548, -0.0132836181614584,-0.9999998364956576, -0.00036659760233078434, 0.00042323993679740853, 1.5024492198199423e-05, 0.0001006640955803445, 5.5891109706993324e-05,1.0,-8757.966226201868, -2848.4080942201126, 21595.598049561624, -77.07431066586801, 221.52210436069151, 38.22379224713259,1.0,769
3187.6679999999997,-0.11321064909593836, -1.9742257060305342, -0.9375967145386035, -1.8813100179891613, 1.5803785605832383, -0.013283498498339874,-0.9999998364956578, -0.00036659760233078483, 0.00042323993679740913, 1.5024492198199441e-05, 0.00010066409558034458, 5.589110970699333e-05,1.0,-8758.105234325776, -2849.521740694525, 21595.25597930904, -77.04618266582867, 221.518328857965, 38.228478604030585,1.0,769
3187.676,-0.11526229240852714, -1.974226458158176, -0.9375958462010754, -1.8813099871642578, 1.5803787671100908, -0.013283383829699957,-0.9999998364956576, -0.00036659760233078445, 0.00042323993679740886, 1.5024492198199443e-05, 0.00010066409558034465, 5.5891109706993324e-05,1.0,-8758.430877987385, -2848.7220145064985, 21595.355238938766, -77.06756310257046, 221.5041669541053, 38.225941078504064,1.0,769
3187.6839999999997,-0.11722457486341398, -1.9742271775263367, -0.9375950156846375, -1.881309957681955, 1.5803789646415116, -0.013283274155537761,-0.9999998364956577, -0.0003665976023307846, 0.00042323993679740864, 1.5024492198199433e-05, 0.00010066409558034462, 5.5891109706993324e-05,1.0,-8758.676474668116, -2849.505162728632, 21595.240549935617, -77.04486620398404, 221.48907177093133, 38.22768937209091,1.0,769
3187.692,-0.11909749646059886, -1.974227864135016, -0.9375942229892891, -1.8813099295422546, 1.580379153177501, -0.013283169475854173,-0.9999998364956577, -0.0003665976023307847, 0.00042323993679740886, 1.5024492198199436e-05, 0.0001006640955803446, 5.5891109706993324e-05,1.0,-8757.734968221386, -2849.0686789627716, 21595.219098973936, -77.05553650113671, 221.52237381390864, 38.22693310976749,1.0,769
3187.7,-0.1208810572000818, -1.974228517984213, -0.9375934681150309, -1.8813099027451559, 1.580379332718059, -0.013283069790649193,-0.9999998364956577, -0.0003665976023307844, 0.0004232399367974086, 1.5024492198199426e-05, 0.00010066409558034457, 5.589110970699333e-05,1.0,-8758.050747742382, -2848.7333796636285, 21595.267680875215, -77.07299016269656, 221.5080166454921, 38.225646885800586,1.0,769
3187.7079999999996,-0.12257525708186279, -1.9742291390739295, -0.9375927510618629, -1.8813098772906587, 1.5803795032631858, -0.013282975099921934,-0.9999998364956578, -0.0003665976023307845, 0.0004232399367974088, 1.502449219819943e-05, 0.00010066409558034454, 5.589110970699333e-05,1.0,-8758.208511039393, -2848.675442446959, 21595.22814155747, -77.06996258705954, 221.4989359110602, 38.227792702630296,1.0,769
3187.716,-0.12418009610594183, -1.9742297274041638, -0.9375920718297852, -1.881309853178763, 1.5803796648128814, -0.013282885403673284,-0.9999998364956577, -0.00036659760233078505, 0.00042323993679740896, 1.502449219819945e-05, 0.00010066409558034461, 5.589110970699339e-05,1.0,-8757.202627851904, -2848.2032904972657, 21595.25689640083, -77.07119360399173, 221.54172732652773, 38.22894032790771,1.0,769
3187.7239999999997,-0.12569557427231803, -1.9742302829749168, -0.9375914304187969, -1.88130983040947, 1.5803798173671453, -0.013282800701903241,-0.9999998364956576, -0.0003665976023307846, 0.0004232399367974092, 1.5024492198199435e-05, 0.00010066409558034472, 5.5891109706993385e-05,1.0,-8757.48584303387, -2849.0012625000372, 21594.995950886438, -77.05899576084713, 221.52842367307733, 38.22210990074632,1.0,769
3187.732,-0.1271216915809923, -1.9742308057861884, -0.9375908268288988, -1.8813098089827776, 1.5803799609259777, -0.01328272099461092,-0.9999998364956578, -0.00036659760233078483, 0.00042323993679740896, 1.5024492198199443e-05, 0.0001006640955803447, 5.5891109706993406e-05,1.0,-8757.703509802779, -2848.960057775207, 21595.383961176765, -77.05378531104233, 221.51054819507107, 38.224079940014036,1.0,769
3187.74,-0.1284584480319646, -1.9742312958379777, -0.9375902610600901, -1.8813097888986876, 1.5803800954893787, -0.013282646281797206,-0.9999998364956577, -0.000366597602330785, 0.00042323993679740853, 1.5024492198199446e-05, 0.00010066409558034466, 5.589110970699332e-05,1.0,-8757.227380993701, -2848.224963121048, 21595.484214374814, -77.07113660595135, 221.5434549033439, 38.22038258779287,1.0,769
3187.748,-0.12970584362523496, -1.9742317531302866, -0.9375897331123717, -1.8813097701571992, 1.5803802210573485, -0.0132825765634621,-0.9999998364956577, -0.0003665976023307845, 0.00042323993679740886, 1.5024492198199431e-05, 0.00010066409558034462, 5.5891109706993324e-05,1.0,-8757.630031673692, -2849.0538440213113, 21595.252919860533, -77.06136688783462, 221.52053078089455, 38.22671375264272,1.0,769
3187.756,-0.13086387836080338, -1.9742321776631133, -0.9375892429857435, -1.8813097527583125, 1.580380337629887, -0.013282511839604716,-0.9999998364956576, -0.0003665976023307846, 0.0004232399367974084, 1.5024492198199435e-05, 0.00010066409558034457, 5.589110970699332e-05,1.0,-8758.102957533001, -2848.5809799612707, 21595.49198727041, -77.06332571718556, 221.51287523704912, 38.226010681738586,1.0,769
3187.7639999999997,-0.13193255223866895, -1.9742325694364586, -0.9375887906802047, -1.8813097367020273, 1.580380445206994, -0.01328245211022594,-0.9999998364956578, -0.0003665976023307856, 0.0004232399367974096, 1.5024492198199445e-05, 0.00010066409558034472, 5.5891109706993426e-05,1.0,-8758.193907018784, -2848.975379001132, 21595.16357916987, -77.05812183967001, 221.50771994241967, 38.22389767301564,1.0,769
3187.772,-0.13291186525883347, -1.9742329284503226, -0.9375883761957562, -1.8813097219883446, 1.5803805437886695, -0.013282397375325772,-0.9999998364956577, -0.00036659760233078494, 0.00042323993679740913, 1.502449219819945e-05, 0.00010066409558034465, 5.5891109706993426e-05,1.0,-8757.775674918843, -2848.476657230727, 21595.55942412811, -77.05579545173032, 221.52278778557064, 38.22479789523476,1.0,769
3187.7799999999997,-0.13380181742129515, -1.9742332547047052, -0.9375879995323979, -1.8813097086172625, 1.5803806333749137, -0.013282347634904212,-0.9999998364956578, -0.00036659760233078527, 0.0004232399367974086, 1.502449219819946e-05, 0.00010066409558034486, 5.5891109706993446e-05,1.0,-8757.82873931541, -2848.8037591766824, 21595.30424724282, -77.06524527861973, 221.51684526243957, 38.22926811326985,1.0,769
3187.788,-0.1346024087260549, -1.9742335481996056, -0.937587660690129, -1.881309696588783, 1.5803807139657264, -0.013282302888960373,-0.9999998364956577, -0.00036659760233078646, 0.00042323993679741005, 1.5024492198199472e-05, 0.00010066409558034505, 5.589110970699359e-05,1.0,-8758.159021611977, -2849.3246227694863, 21595.294569972782, -77.05354972039217, 221.4993423135454, 38.22409608942107,1.0,769
3187.796,-0.13531363917311268, -1.9742338089350255, -0.9375873596689503, -1.881309685902905, 1.580380785561108, -0.013282263137494255,-0.9999998364956578, -0.00036659760233078483, 0.0004232399367974084, 1.5024492198199446e-05, 0.00010066409558034478, 5.589110970699348e-05,1.0,-8757.675203261453, -2849.095118460148, 21595.053438725736, -77.06540766647743, 221.52024202430295, 38.22733165697662,1.0,769
3187.8039999999996,-0.13593550876246763, -1.9742340369109623, -0.937587096468862, -1.8813096765596287, 1.580380848161058, -0.013282228380507632,-0.9999998364956576, -0.0003665976023307863, 0.00042323993679741027, 1.5024492198199502e-05, 0.000100664095580345, 5.5891109706993656e-05,1.0,-8757.68604001103, -2848.7665502231375, 21595.138701697168, -77.05804026685152, 221.52588613293443, 38.22970572989979,1.0,769
3187.812,-0.13646801749412152, -1.9742342321274187, -0.9375868710898629, -1.8813096685589539, 1.5803809017655766, -0.01328219861799873,-0.9999998364956577, -0.00036659760233078575, 0.00042323993679740804, 1.5024492198199421e-05, 0.00010066409558034461, 5.589110970699353e-05,1.0,-8757.682304928063, -2849.0287183724704, 21595.343260376776, -77.06195731181597, 221.52773267220192, 38.22779332127692,1.0,769
3187.8199999999997,-0.13691116536807257, -1.9742343945843936, -0.9375866835319542, -1.8813096619008807, 1.5803809463746639, -0.013282173849968437,-0.9999998364956577, -0.0003665976023307861, 0.00042323993679741075, 1.5024492198199433e-05, 0.00010066409558034493, 5.589110970699355e-05,1.0,-8757.942071349122, -2848.827173103038, 21595.23284219404, -77.0548088062279, 221.5284256187109, 38.225806729766475,1.0,769
3187.828,-0.13726495238432168, -1.9742345242818864, -0.9375865337951348, -1.88130965658541, 1.5803809819883197, -0.013282154076415864,-0.9999998364956577, -0.0003665976023307851, 0.0004232399367974074, 1.5024492198199457e-05, 0.00010066409558034499, 5.58911097069933e-05,1.0,-8757.942497843294, -2849.2646414067613, 21595.20262954976, -77.0641324105693, 221.5256368460536, 38.227691377167616,1.0,769
3187.836,-0.13752937854286884, -1.9742346212198978, -0.9375864218794066, -1.8813096526125408, 1.580381008606544, -0.0132821392973419,-0.9999998364956577, -0.0003665976023307893, 0.00042323993679740804, 1.5024492198199492e-05, 0.0001006640955803457, 5.589110970699373e-05,1.0,-8757.45280353007, -2849.038076877171, 21595.325606639326, -77.0648803039073, 221.525001016121, 38.23025065101439,1.0,769
3187.844,-0.13770444384371316, -1.9742346853984287, -0.9375863477847677, -1.8813096499822732, 1.5803810262293372, -0.013282129512746543,-0.9999998364956577, -0.0003665976023307926, 0.00042323993679741634, 1.5024492198199579e-05, 0.00010066409558034745, 5.589110970699478e-05,1.0,-8757.955310207195, -2848.5681292929094, 21595.61591290833, -77.06099483400263, 221.52568576622684, 38.228311863352616,1.0,769
3187.852,-0.13779014828685643, -1.9742347168174765, -0.9375863115112182, -1.8813096486946073, 1.580381034856699, -0.013282124722629796,-0.9999998364956576, -0.00036659760233079947, 0.00042323993679740273, 1.502449219820006e-05, 0.00010066409558034801, 5.589110970699553e-05,1.0,-8758.120578229034, -2849.1566938099013, 21595.32065127768, -77.05681136277212, 221.51557908969107, 38.22949134150002,1.0,769
