t,q0,q1,q2,q3,q4,q5,do
0.09600000000500586,-0.9936929961698162,-1.349273153037518,-2.4888632377826836,-0.8815046583161763,1.6054231931013436,0.5761939019803224,1
0.10400000000663567,-0.9937669987686917,-1.349319215386755,-2.4888283870768677,-0.8814956970756791,1.605421934560481,0.5761198765959626,1
0.11200000000826549,-0.993930334719427,-1.349420882594667,-2.488751465816604,-0.881475918138741,1.60541915675306,0.5759564903539007,1
0.1200000000098953,-0.9941830040220241,-1.3495781546612529,-2.488632474001893,-0.8814453215053621,1.6054148596790805,0.5757037432541368,1
0.1279999999969732,-0.9945250066764819,-1.3497910315865127,-2.4884714116327333,-0.8814039071755424,1.6054090433385426,0.5753616352966706,1
0.13599999999860302,-0.9949563426828005,-1.3500595133704465,-2.4882682787091257,-0.8813516751492818,1.6054017077314464,0.5749301664815024,1
0.14400000000023283,-0.9954770120409808,-1.3503836000130551,-2.488023075231071,-0.8812886254265804,1.6053928528577917,0.574409336808632,1
0.15200000000186265,-0.996087014751021,-1.3507632915143377,-2.4877358011985677,-0.881214758007439,1.6053824787175783,0.5737991462780596,1
0.16000000000349246,-0.9967863508129229,-1.3511985878742943,-2.487406456611617,-0.8811300728918559,1.6053705853108067,0.573099594889785,1
0.16800000000512227,-0.9975750202266855,-1.3516894890929247,-2.487035041470218,-0.8810345700798319,1.6053571726374767,0.5723106826438084,1
0.1760000000067521,-0.998453022992309,-1.35223599517023,-2.486621555774372,-0.880928249571368,1.6053422406975881,0.5714324095401296,1
0.1840000000083819,-0.9994203591097932,-1.3528381061062094,-2.4861659995240775,-0.8808111113664632,1.6053257894911412,0.5704647755787488,1
0.19200000001001172,-1.0004770285791391,-1.3534958219008626,-2.485668372719335,-0.8806831554651167,1.6053078190181358,0.5694077807596657,1
0.19999999999708962,-1.0016230314003458,-1.3542091425541907,-2.485128675360145,-0.8805443818673302,1.605288329278572,0.5682614250828806,1
0.20799999999871943,-1.0028583675734124,-1.3549780680661918,-2.484546907446507,-0.8803947905731029,1.60526732027245,0.5670257085483934,1
0.21600000000034925,-1.0041830370983407,-1.3558025984368687,-2.4839230689784215,-0.8802343815824347,1.6052447919997692,0.5657006311562041,1
0.22400000000197906,-1.0055970399751297,-1.3566827336662186,-2.4832571599558877,-0.8800631548953257,1.60522074446053,0.5642861929063127,1
0.23200000000360887,-1.0071003762037805,-1.3576184737542425,-2.482549180378906,-0.8798811105117759,1.6051951776547326,0.5627823937987191,1
0.2400000000052387,-1.008693045784291,-1.3586098187009412,-2.481799130247477,-0.8796882484317852,1.6051680915823765,0.5611892338334235,1
0.2480000000068685,-1.0103750487166634,-1.359656768506314,-2.4810070095616,-0.8794845686553536,1.6051394862434623,0.5595067130104256,1
0.2560000000084983,-1.0121463850008965,-1.3607593231703605,-2.480172818321275,-0.8792700711824812,1.6051093616379892,0.5577348313297258,1
0.26400000001012813,-1.0140070546369904,-1.361917482693082,-2.479296556526502,-0.8790447560131689,1.605077717765958,0.5558735887913238,1
0.27199999999720603,-1.015957057624945,-1.3631312470744765,-2.4783782241772814,-0.8788086231474148,1.6050445546273684,0.5539229853952197,1
0.27999999999883585,-1.0179963939647614,-1.364400616314546,-2.4774178212736127,-0.8785616725852208,1.6050098722222201,0.5518830211414135,1
0.28800000000046566,-1.0201250636564376,-1.3657255904132892,-2.476415347815496,-0.878303904326585,1.6049736705505135,0.5497536960299052,1
0.2960000000020955,-1.0223430666999755,-1.3671061693707074,-2.475370803802932,-0.8780353183715093,1.6049359496122486,0.5475350100606947,1
0.3040000000037253,-1.0246504030953743,-1.3685423531867995,-2.4742841892359198,-0.8777559147199918,1.6048967094074251,0.5452269632337823,1
0.3120000000053551,-1.0270470728426337,-1.3700341418615656,-2.4731555041144597,-0.8774656933720344,1.604855949936043,0.5428295555491676,1
0.3200000000069849,-1.029533075941754,-1.3715815353950056,-2.471984748438552,-0.8771646543276361,1.604813671198103,0.5403427870068508,1
0.32800000000861473,-1.032108412392736,-1.3731845337871205,-2.4707719222081965,-0.876852797586797,1.604769873193604,0.537766657606832,1
0.33600000001024455,-1.0347730821955778,-1.3748431370379093,-2.469517025423393,-0.8765301231495171,1.604724555922547,0.535101167349111,1
0.34399999999732245,-1.0375270853502823,-1.376557345147372,-2.4682200580841416,-0.8761966310157963,1.6046777193849313,0.5323463162336879,1
0.35199999999895226,-1.0403704218568457,-1.3783271581155088,-2.466881020190442,-0.8758523211856346,1.6046293635807571,0.5295021042605628,1
0.3600000000005821,-1.0433030917152717,-1.3801525759423203,-2.4654999117422953,-0.8754971936590321,1.6045794885100246,0.5265685314297355,1
0.3680000000022119,-1.0463250949255576,-1.3820335986278058,-2.4640767327397004,-0.8751312484359897,1.6045280941727338,0.523545597741206,1
0.3760000000038417,-1.0494364314877043,-1.3839702261719653,-2.4626114831826578,-0.8747544855165055,1.6044751805688844,0.5204333031949745,1
0.3840000000054715,-1.0526371014017126,-1.3859624585747987,-2.461104163071167,-0.8743669049005813,1.6044207476984766,0.5172316477910408,1
0.39200000000710133,-1.0559271046675818,-1.388010295836307,-2.4595547724052285,-0.8739685065882155,1.6043647955615103,0.5139406315294051,1
0.40000000000873115,-1.0593064412853117,-1.3901137379564892,-2.4579633111848422,-0.8735592905794096,1.6043073241579857,0.5105602544100672,1
0.40800000001036096,-1.0627751112549033,-1.3922727849353453,-2.456329779410008,-0.873139256874162,1.6042483334879025,0.5070905164330273,1
0.41599999999743886,-1.0663331145763548,-1.3944874367728755,-2.454654177080726,-0.8727084054724745,1.604187823551261,0.5035314175982852,1
0.4239999999990687,-1.069980451249668,-1.3967576934690804,-2.4529365041969964,-0.8722667363743462,1.604125794348061,0.49988295790584103,1
0.4320000000006985,-1.073717121274842,-1.3990835550239593,-2.4511767607588184,-0.8718142495797769,1.6040622458783025,0.49614513735569477,1
0.4400000000023283,-1.0775431246518767,-1.4014650214375122,-2.4493749467661927,-0.8713509450887669,1.6039971781419857,0.49231795594784633,1
0.4480000000039581,-1.0814584613807723,-1.403902092709739,-2.4475310622191193,-0.870876822901316,1.6039305911391104,0.48840141368229584,1
0.45600000000558794,-1.0854631314615286,-1.4063947688406406,-2.445645107117598,-0.8703918830174242,1.6038624848696768,0.48439551055904323,1
0.46400000000721775,-1.0895571348941466,-1.4089430498302162,-2.4437170814616294,-0.8698961254370916,1.6037928593336845,0.48030024657808845,1
0.47200000000884756,-1.0937404716786254,-1.4115469356784658,-2.4417469852512124,-0.8693895501603182,1.603721714531134,0.47611562173943167,1
0.4800000000104774,-1.098013141814965,-1.4142064263853902,-2.4397348184863477,-0.8688721571871039,1.6036490504620249,0.4718416360430727,1
0.4879999999975553,-1.1023751453031654,-1.4169215219509885,-2.437680581167035,-0.8683439465174496,1.6035748671263574,0.46747828948901166,1
0.4959999999991851,-1.1068264821432265,-1.4196922223752608,-2.435584273293274,-0.8678049181513536,1.6034991645241314,0.4630255820772485,1
0.5040000000008149,-1.1113671523351485,-1.422518527658207,-2.433445894865066,-0.8672550720888177,1.603421942655347,0.4584835138077832,1
0.5120000000024447,-1.1159971558789321,-1.4254004377998282,-2.43126544588241,-0.86669440832984,1.6033432015200044,0.4538520846806158,1
0.5200000000040745,-1.1207164927745765,-1.4283379528001223,-2.4290429263453057,-0.8661229268744224,1.6032629411181032,0.4491312946957463,1
0.5280000000057044,-1.1255251630220817,-1.4313310726590913,-2.426778336253754,-0.8655406277225639,1.6031811614496434,0.44432114385317467,1
0.5360000000073342,-1.1304231666214477,-1.4343797973767352,-2.4244716756077542,-0.8649475108742646,1.6030978625146255,0.439421632152901,1
0.544000000008964,-1.1354105035726745,-1.437484126953052,-2.4221229444073065,-0.8643435763295244,1.6030130443130488,0.4344327595949251,1
0.5520000000105938,-1.140487173875763,-1.4406440613880438,-2.419732142652411,-0.8637288240883434,1.602926706844914,0.4293545261792472,1
0.5599999999976717,-1.1456531775307113,-1.4438596006817095,-2.417299270343068,-0.8631032541507215,1.6028388501102206,0.42418693190586715,1
0.5679999999993015,-1.1509085145375213,-1.44713074483405,-2.4148243274792764,-0.8624668665166588,1.6027494741089687,0.418929976774785,1
0.5760000000009313,-1.156253184896192,-1.4504574938450636,-2.412307314061038,-0.8618196611861553,1.6026585788411585,0.41358366078600073,1
0.5840000000025611,-1.1616871886067246,-1.453839847714752,-2.4097482300883506,-0.8611616381592109,1.6025661643067899,0.40814798393951435,1
0.592000000004191,-1.167210525669117,-1.4572778064431144,-2.407147075561216,-0.8604927974358265,1.6024722305058627,0.4026229462353259,1
0.6000000000058208,-1.172823196083371,-1.4607713700301508,-2.4045038504796334,-0.8598131390160004,1.602376777438377,0.3970085476734353,1
0.6080000000074506,-1.178525199849485,-1.464320538475862,-2.401818554843603,-0.8591226628997344,1.6022798051043332,0.39130478825384263,1
0.6160000000090804,-1.1843165369674615,-1.467925311780247,-2.399091188653125,-0.8584213690870266,1.6021813135037306,0.3855116679765478,1
0.6240000000107102,-1.190197207437297,-1.4715856899433062,-2.3963217519081987,-0.8577092575778789,1.60208130263657,0.3796291868415509,1
0.6319999999977881,-1.1961672112589952,-1.4753016729650392,-2.3935102446088248,-0.8569863283722903,1.6019797725028504,0.3736573448488518,1
0.6399999999994179,-1.202226548432554,-1.479073260845447,-2.390656666755003,-0.85625258147026,1.6018767231025728,0.3675961419984507,1
0.6480000000010477,-1.2083752189579728,-1.482900453584529,-2.3877610183467337,-0.8555080168717897,1.6017721544357366,0.3614455782903474,1
0.6560000000026776,-1.2146132228352533,-1.4867832511822847,-2.384823299384016,-0.8547526345768786,1.601666066502342,0.35520565372454205,1
0.6640000000043074,-1.2209405600643946,-1.4907216536387153,-2.381843509866851,-0.8539864345855266,1.6015584593023888,0.3488763683010346,1
0.6720000000059372,-1.2273572306453966,-1.494715660953819,-2.3788216497952375,-0.8532094168977338,1.6014493328358774,0.342457722019825,1
0.680000000007567,-1.2338632345782603,-1.4987652731275976,-2.3757577191691768,-0.8524215815135001,1.6013386871028075,0.3359497148809133,1
0.6880000000091968,-1.240458571862984,-1.50287049016005,-2.372651717988668,-0.8516229284328265,1.6012265221031792,0.3293523468842995,1
0.6960000000108266,-1.2471432424995692,-1.5070313120511774,-2.369503646253711,-0.8508134576557111,1.6011128378369923,0.32266561802998356,1
0.7039999999979045,-1.2539172464880153,-1.5112477388009786,-2.3663135039643066,-0.8499931691821558,1.6009976343042471,0.3158895283179656,1
0.7119999999995343,-1.2607805838283221,-1.515519770409453,-2.363081291120454,-0.8491620630121588,1.6008809115049436,0.3090240777482454,1
0.7200000000011642,-1.2677332545204898,-1.519847406876603,-2.3598070077221536,-0.8483201391457218,1.6007626694390815,0.30206926632082315,1
0.728000000002794,-1.2747752585645191,-1.5242306482024262,-2.3564906537694057,-0.8474673975828431,1.6006429081066609,0.2950250940356988,1
0.7360000000044238,-1.2819065959604092,-1.5286694943869241,-2.3531322292622097,-0.8466038383235244,1.600521627507682,0.2878915608928723,1
0.7440000000060536,-1.2891272667081592,-1.533163945430096,-2.349731734200566,-0.845729461367764,1.6003988276421446,0.28066866689234377,1
0.7520000000076834,-1.296437270807771,-1.537714001331942,-2.346289168584474,-0.8448442667155636,1.6002745085100487,0.2733564120341131,1
0.7600000000093132,-1.3037647040249851,-1.5422749058541623,-2.3428383949181333,-0.843956961508912,1.600149892965975,0.26602672269183536,1
0.768000000010943,-1.3110037486661472,-1.5467807935861533,-2.3394292468745173,-0.8430803595924043,1.6000267806209298,0.25878544914055307,1
0.7759999999980209,-1.3181534599554467,-1.5512310764594703,-2.336062169385349,-0.8422145753723376,1.5999051875424433,0.2516335364469731,1
0.7839999999996508,-1.3252138378928873,-1.5556257544741126,-2.332737162450629,-0.8413596088487116,1.5997851137305152,0.24457098461109505,1
0.7920000000012806,-1.3321848824784652,-1.5599648276300817,-2.3294542260703563,-0.8405154600215266,1.5996665591851453,0.23759779363291933,1
0.8000000000029104,-1.3390665937121833,-1.564248295927376,-2.326213360244532,-0.8396821288907823,1.599549523906334,0.23071396351244544,1
0.8080000000045402,-1.3458589715940406,-1.5684761593659964,-2.323014564973155,-0.838859615456478,1.5994340078940812,0.22391949424967394,1
0.81600000000617,-1.3525620161240361,-1.572648417945942,-2.319857840256226,-0.8380479197186155,1.5993200111483867,0.21721438584460434,1
0.8240000000077998,-1.359175727302171,-1.5767650716672135,-2.316743186093745,-0.8372470416771938,1.5992075336692506,0.21059863829723702,1
0.8320000000094296,-1.365700105128445,-1.580826120529811,-2.313670602485712,-0.836456981332212,1.5990965754566733,0.2040722516075716,1
0.8400000000110595,-1.3721351496028582,-1.5848315645337347,-2.3106400894321273,-0.835677738683672,1.5989871365106538,0.1976352257756086,1
0.8479999999981374,-1.3784808607254107,-1.5887814036789845,-2.3076516469329897,-0.834909313731572,1.5988792168311934,0.1912875608013474,1
0.8559999999997672,-1.3847372384961014,-1.5926756379655593,-2.3047052749883,-0.8341517064759136,1.598772816418291,0.18502925668478853,1
0.864000000001397,-1.3909042829149314,-1.5965142673934594,-2.3018009735980582,-0.8334049169166953,1.598667935271947,0.1788603134259315,1
0.8720000000030268,-1.3969819939819006,-1.6002972919626863,-2.2989387427622643,-0.8326689450539178,1.5985645733921618,0.17278073102477687,1
0.8800000000046566,-1.402970371697009,-1.6040247116732385,-2.2961185824809185,-0.8319437908875811,1.598462730778935,0.16679050948132412,1
0.8880000000062864,-1.4088694160602566,-1.6076965265251175,-2.2933404927540204,-0.8312294544176853,1.5983624074322662,0.16088964879557377,1
0.8960000000079162,-1.4146791270716434,-1.6113127365183217,-2.29060447358157,-0.8305259356442303,1.5982636033521562,0.1550781489675252,1
0.9040000000095461,-1.4203995047311686,-1.6148733416528511,-2.287910524963568,-0.8298332345672161,1.5981663185386046,0.14935600999717902,1
0.9120000000111759,-1.426030549038833,-1.6183783419287074,-2.285258646900013,-0.8291513511866428,1.5980705529916113,0.14372323188453467,1
0.9199999999982538,-1.4315722599946366,-1.621827737345889,-2.282648839390906,-0.8284802855025104,1.5979763067111765,0.13817981462959267,1
0.9279999999998836,-1.4370246375985793,-1.6252215279043964,-2.280081102436247,-0.8278200375148188,1.5978835796973003,0.13272575823235266,1
0.9360000000015134,-1.4423876818506614,-1.6285597136042291,-2.277555436036036,-0.8271706072235672,1.5977923719499822,0.12736106269281489,1
0.9440000000031432,-1.4476613927508817,-1.6318422944453888,-2.2750718401902734,-0.8265319946287573,1.5977026834692227,0.12208572801097906,1
0.952000000004773,-1.4528457702992412,-1.6350692704278735,-2.272630314898958,-0.8259041997303873,1.5976145142550218,0.1168997541868455,1
0.9600000000064028,-1.4579408144957409,-1.6382406415516844,-2.2702308601620906,-0.8252872225284591,1.5975278643073791,0.1118031412204138,1
0.9680000000080327,-1.462946525340378,-1.6413564078168204,-2.2678734759796697,-0.8246810630229708,1.5974427336262949,0.10679588911168447,1
0.9760000000096625,-1.4678629028331551,-1.6444165692232833,-2.2655581623516987,-0.8240857212139234,1.5973591222117691,0.1018779978606571,1
0.9840000000112923,-1.4726899469740715,-1.6474211257710714,-2.263284919278174,-0.8235011971013169,1.5972770300638017,0.097049467467332,1
0.9919999999983702,-1.4774276577631262,-1.6503700774601855,-2.2610537467590985,-0.8229274906851511,1.5971964571823931,0.09231029793170875,1
1.0,-1.4820760352003202,-1.6532634242906248,-2.2588646447944702,-0.8223646019654263,1.5971174035675424,0.08766048925378789,1
1.0080000000016298,-1.4866350792856533,-1.656101166262391,-2.2567176133842892,-0.8218125309421422,1.5970398692192505,0.08310004143356886,1
1.0160000000032596,-1.4911047900191257,-1.6588833033754824,-2.2546126525285572,-0.8212712776152991,1.596963854137517,0.078628954471052,1
1.0240000000048894,-1.4954851674007372,-1.6616098356298998,-2.2525497622272725,-0.8207408419848967,1.5968893583223418,0.07424722836623754,1
1.0320000000065193,-1.499776211430488,-1.6642807630256424,-2.250528942480436,-0.8202212240509352,1.596816381773725,0.0699548631191248,1
1.040000000008149,-1.5039779221083762,-1.666896085562711,-2.2485501932880467,-0.8197124238134137,1.596744924491667,0.06575185872971445,1
1.0480000000097789,-1.5080902994344054,-1.6694558032411058,-2.2466135146501056,-0.8192144412723339,1.596674986476167,0.06163821519800605,1
1.0559999999968568,-1.512113343408572,-1.6719599160608265,-2.2447189065666118,-0.818727276427694,1.5966065677272256,0.05761393252399982,1
1.0639999999984866,-1.5160470540308797,-1.6744084240218724,-2.242866369037566,-0.8182509292794959,1.5965396682448427,0.05367901070769565,1
1.0720000000001164,-1.5198914313013248,-1.6768013271242452,-2.2410559020629686,-0.8177853998277378,1.5964742880290181,0.04983344974909387,1
1.0800000000017462,-1.523646475219909,-1.6791386253679432,-2.239287505642819,-0.8173306880724214,1.5964104270797521,0.04607724964819382,1
1.088000000003376,-1.5273121857866334,-1.6814203187529664,-2.237561179777117,-0.8168867940135449,1.5963480853970444,0.04241041040499616,1
1.0960000000050059,-1.5308885630014952,-1.6836464072793165,-2.235876924465863,-0.8164537176511093,1.596287262980895,0.03883293201950033,1
1.1040000000066357,-1.534375606864498,-1.6858168909469917,-2.2342347397090565,-0.8160314589851145,1.5962279598313045,0.03534481449170701,1
1.1120000000082655,-1.5377733173756383,-1.687931769755993,-2.232634625506698,-0.8156200180155606,1.5961701759482723,0.031946057821615415,1
1.1200000000098953,-1.5410816945349186,-1.6899910437063204,-2.2310765818587877,-0.8152193947424475,1.5961139113317981,0.0286366620092261,1
1.1279999999969732,-1.5443007383423373,-1.6919947127979729,-2.2295606087653255,-0.8148295891657753,1.5960591659818828,0.025416627054538732,1
1.135999999998603,-1.5474304487978952,-1.6939427770309514,-2.2280867062263106,-0.814450601285543,1.5960059398985258,0.022285952957553756,1
1.1440000000002328,-1.5504708259015931,-1.695835236405256,-2.226654874241744,-0.8140824311017525,1.5959542330817271,0.019244639718270617,1
1.1520000000018626,-1.5534218696534285,-1.6976720909208867,-2.2252651128116234,-0.8137250786144028,1.595904045531487,0.01629268733668987,1
1.1600000000034925,-1.5562835800534032,-1.6994533405778434,-2.223917421935953,-0.8133785438234931,1.5958553772478052,0.01343009581281096,1
1.1680000000051223,-1.559055957101518,-1.7011789853761243,-2.222611801614729,-0.8130428267290251,1.5958082282306818,0.010656865146634331,1
1.176000000006752,-1.561739000797771,-1.7028490253157322,-2.221348251847954,-0.812717927330997,1.5957625984801171,0.00797299533815965,1
1.184000000008382,-1.5643327111421632,-1.7044634603966662,-2.220126772635626,-0.8124038456294107,1.5957184879961106,0.005378486387387249,1
1.1920000000100117,-1.5668370881346947,-1.7060222906189253,-2.2189473639777457,-0.8121005816242644,1.5956758967786626,0.0028733382943169072,1
1.1999999999970896,-1.5692521317753645,-1.7075255159825105,-2.2178100258743143,-0.8118081353155588,1.5956348248277732,0.0004575510589485132,1
1.2079999999987194,-1.5715778420641744,-1.7089731364874217,-2.21671475832533,-0.8115265067032942,1.595595272143442,-0.0018688753187170448,1
1.2160000000003492,-1.5738142190011235,-1.710365152133659,-2.2156615613307933,-0.8112556957874704,1.5955572387256691,-0.004105940838681654,1
1.224000000001979,-1.575961262586211,-1.7117015629212213,-2.2146504348907055,-0.8109957025680874,1.5955207245744552,-0.006253645500943428,1
1.2320000000036089,-1.5780189728194376,-1.7129823688501098,-2.213681379005065,-0.8107465270451453,1.595485729689799,-0.008311989305503253,1
1.2400000000052387,-1.5799873497008026,-1.7142075699203243,-2.2127543936738716,-0.810508169218644,1.5954522540717018,-0.010280972252361131,1
1.2480000000068685,-1.5818663932303085,-1.715377166131864,-2.2118694788971265,-0.8102806290885836,1.5954202977201628,-0.012160594341516173,1
1.2560000000084983,-1.583656103407952,-1.7164911574847306,-2.2110266346748295,-0.8100639066549631,1.5953898606351822,-0.013950855572970156,1
1.2640000000101281,-1.5853564802337345,-1.7175495439789223,-2.2102258610069807,-0.8098580019177843,1.5953609428167603,-0.015651755946721302,1
1.271999999997206,-1.5869675237076564,-1.7185523256144393,-2.209467157893579,-0.8096629148770456,1.5953335442648966,-0.0172632954627705,1
1.2799999999988358,-1.5884892338297174,-1.7194995023912831,-2.208750525334626,-0.8094786455327485,1.5953076649795914,-0.01878547412111775,1
1.2880000000004657,-1.5899216105999177,-1.7203910743094522,-2.2080759633301197,-0.8093051938848914,1.5952833049608446,-0.020218291921763054,1
1.2960000000020955,-1.5912646540182571,-1.721227041368948,-2.2074434718800617,-0.8091425599334752,1.5952604642086563,-0.02156174886470552,1
1.3040000000037253,-1.592518364084735,-1.7220074035697683,-2.206853050984452,-0.8089907436785007,1.5952391427230264,-0.02281584494994693,1
1.312000000005355,-1.593682740799352,-1.7227321609119155,-2.2063047006432894,-0.8088497451199661,1.595219340503955,-0.0239805801774855,1
1.320000000006985,-1.5947577841621081,-1.7234013133953878,-2.205798420856575,-0.8087195642578724,1.595201057551442,-0.025055954547322123,1
1.3280000000086147,-1.5957434941730035,-1.7240148610201862,-2.205334211624309,-0.8086002010922195,1.5951842938654872,-0.0260419680594568,1
1.3360000000102445,-1.5966398708320382,-1.7245728037863106,-2.20491207294649,-0.8084916556230075,1.5951690494460913,-0.02693862071388864,1
1.3439999999973224,-1.5974469141392111,-1.7250751416937602,-2.204532004823119,-0.8083939278502363,1.5951553242932535,-0.02774591251061942,1
1.3519999999989523,-1.5981646240945242,-1.7255218747425358,-2.2041940072541966,-0.808307017773906,1.5951431184069742,-0.028463843449647364,1
1.360000000000582,-1.5987930006979747,-1.7259130029326375,-2.2038980802397212,-0.8082309253940156,1.5951324317872533,-0.02909241353097336,1
1.368000000002212,-1.5993320439495662,-1.7262485262640652,-2.203644223779694,-0.808165650710567,1.595123264434091,-0.02963162275459741,1
1.3760000000038417,-1.599781753849295,-1.726528444736818,-2.203432437874115,-0.8081111937235583,1.5951156163474869,-0.03008147112051951,1
1.3840000000054715,-1.6001421303971641,-1.726752758350897,-2.2032627225229833,-0.8080675544329914,1.5951094875274414,-0.030441958628738774,1
1.3920000000071013,-1.6004131735931715,-1.726921467106302,-2.2031350777262997,-0.8080347328388644,1.5951048779739543,-0.03071308527925609,1
1.4000000000087311,-1.600594883437318,-1.727034571003033,-2.2030495034840634,-0.8080127289411791,1.5951017876870255,-0.03089485107207235,1
1.408000000010361,-1.6006872599296038,-1.7270920700410892,-2.203005999796275,-0.8080015427399339,1.5951002166666555,-0.030987256007184882,1
1.4159999999974389,-1.6007000000010834,-1.72709532602447,-2.2029949740599593,-0.8080096999156714,1.595099999999933,-0.03100000000134706,1
1.4239999999990687,-1.6007000000010692,-1.727053733648816,-2.2029502496553217,-0.8080960166959619,1.5950999999999333,-0.03100000000133374,1
1.4320000000006985,-1.6007000000010416,-1.7269690820864119,-2.2028592235797326,-0.8082716943339552,1.595099999999934,-0.031000000001305317,1
1.4400000000023283,-1.600700000000998,-1.7268413713372563,-2.202721895833191,-0.8085367328296496,1.5950999999999351,-0.031000000001262684,1
1.4480000000039581,-1.6007000000009413,-1.7266706014013504,-2.202538266415698,-0.8088911321830468,1.5950999999999367,-0.031000000001204953,1
1.456000000005588,-1.6007000000008702,-1.726456772278694,-2.2023083353272543,-0.8093348923941459,1.5950999999999385,-0.0310000000011339,1
1.4640000000072177,-1.600700000000784,-1.7261998839692874,-2.2020321025678573,-0.8098680134629479,1.5950999999999407,-0.031000000001047745,1
1.4720000000088476,-1.6007000000006837,-1.7258999364731293,-2.2017095681375096,-0.810490495389451,1.5950999999999431,-0.03100000000094738,1
1.4800000000104774,-1.6007000000005691,-1.725556929790221,-2.2013407320362095,-0.8112023381736568,1.5950999999999462,-0.031000000000832806,1
1.4879999999975553,-1.6007000000004403,-1.7251708639205603,-2.2009255942639587,-0.8120035418155647,1.5950999999999496,-0.03100000000070402,1
1.495999999999185,-1.6007000000002964,-1.7247417388641502,-2.2004641548207555,-0.8128941063151744,1.595099999999953,-0.031000000000560135,1
1.504000000000815,-1.6007000000001383,-1.7242695546209896,-2.1999564137066017,-0.8138740316724862,1.5950999999999573,-0.03100000000040204,1
1.5120000000024447,-1.600699999999966,-1.7237543111910778,-2.1994023709214945,-0.8149433178874999,1.5950999999999618,-0.031000000000229733,1
1.5200000000040745,-1.6006999999997795,-1.7231960085744156,-2.1988020264654367,-0.8161019649602164,1.5950999999999664,-0.031000000000043215,1
1.5280000000057044,-1.600699999999578,-1.722594646771002,-2.1981553803384264,-0.8173499728906348,1.5950999999999718,-0.0309999999998416,1
1.5360000000073342,-1.600699999999363,-1.7219502257808381,-2.1974624325404655,-0.8186873416787552,1.595099999999977,-0.03099999999962666,1
1.544000000008964,-1.600699999999133,-1.721262745603923,-2.1967231830715512,-0.8201140713245776,1.595099999999983,-0.03099999999939662,1
1.5520000000105938,-1.6006999999988887,-1.7205322062402573,-2.1959376319316863,-0.8216301618281019,1.5950999999999893,-0.030999999999152372,1
1.5599999999976717,-1.6006999999986293,-1.7197586076898412,-2.19510577912087,-0.823235613189329,1.595099999999996,-0.030999999998893912,1
1.5679999999993015,-1.6006999999983567,-1.718941949952674,-2.194227624639102,-0.8249304254082572,1.595100000000003,-0.030999999998620353,1
1.5760000000009313,-1.600699999998069,-1.7180822330287562,-2.1933031684863815,-0.8267145984848883,1.5951000000000104,-0.030999999998332584,1
1.5840000000025611,-1.600699999997767,-1.717179456918088,-2.1923324106627096,-0.8285881324192212,1.5951000000000182,-0.030999999998030603,1
1.592000000004191,-1.6006999999974507,-1.7162336216206686,-2.191315351168086,-0.8305510272112562,1.5951000000000264,-0.03099999999771441,1
1.6000000000058208,-1.6006999999971203,-1.7152447271364988,-2.190251990002511,-0.8326032828609939,1.5951000000000348,-0.03099999999738401,1
1.6080000000074506,-1.6006999999967748,-1.7142127734655777,-2.1891423271659836,-0.8347448993684328,1.5951000000000437,-0.030999999997038508,1
1.6160000000090804,-1.600699999996415,-1.7131377606079061,-2.1879863626585054,-0.8369758767335744,1.595100000000053,-0.030999999996678795,1
1.6240000000107102,-1.6006999999960412,-1.7120196885634833,-2.186784096480075,-0.839296214956418,1.5951000000000626,-0.030999999996304872,1
1.631999999997788,-1.600699999995653,-1.710858557332311,-2.185535528630693,-0.8417059140369636,1.5951000000000726,-0.03099999999591674,1
1.639999999999418,-1.6006999999952498,-1.7096543669143873,-2.18424065911036,-0.844204973975212,1.595100000000083,-0.030999999995514393,1
1.6480000000010477,-1.6006999999948324,-1.7084071173097124,-2.182899487919074,-0.8467933947711614,1.5951000000000937,-0.03099999999509695,1
1.6560000000026776,-1.6006999999944016,-1.707116808518287,-2.1815120150568372,-0.8494711764248137,1.5951000000001048,-0.030999999994665295,1
1.6640000000043074,-1.6006999999939548,-1.7057834405401113,-2.180078240523648,-0.852238318936168,1.5951000000001163,-0.03099999999421943,1
1.6720000000059372,-1.6006999999934948,-1.7044070133751843,-2.1785981643195074,-0.8550948223052242,1.595100000000128,-0.030999999993759353,1
1.680000000007567,-1.6006999999930205,-1.7029875270235069,-2.177071786444415,-0.8580406865319823,1.5951000000001403,-0.030999999993284177,1
1.6880000000091968,-1.600699999992531,-1.7015249814850781,-2.1754991068983713,-0.8610759116164424,1.595100000000153,-0.03099999999279479,1
1.6960000000108266,-1.6006999999920275,-1.700019376759899,-2.173880125681375,-0.8642004975586053,1.5951000000001658,-0.030999999992291194,1
1.7039999999979045,-1.6006999999915097,-1.6984707128479695,-2.1722148427934282,-0.8674144443584701,1.5951000000001792,-0.030999999991773386,1
1.7119999999995343,-1.6006999999909768,-1.6968789897492886,-2.170503258234529,-0.870717752016037,1.595100000000193,-0.030999999991241367,1
1.7200000000011642,-1.6006999999904306,-1.6952442074638574,-2.168745372004678,-0.8741104205313057,1.595100000000207,-0.03099999999069425,1
1.728000000002794,-1.6006999999898692,-1.6935663659916749,-2.166941184103875,-0.8775924499042764,1.5951000000002213,-0.03099999999013292,1
1.7360000000044238,-1.6006999999892937,-1.6918454653327428,-2.1650906945321218,-0.88116384013495,1.595100000000236,-0.03099999998955738,1
1.7440000000060536,-1.600699999988704,-1.6900815054870586,-2.1631939032894145,-0.8848245912233246,1.5951000000002513,-0.03099999998896763,1
1.7520000000076834,-1.600699999988099,-1.6882744864546249,-2.1612508103757575,-0.888574703169402,1.5951000000002669,-0.03099999998836367,1
1.7600000000093132,-1.60069999998748,-1.686424408235439,-2.159261415791148,-0.8924141759731814,1.5951000000002826,-0.03099999998774461,1
1.768000000010943,-1.6006999999868476,-1.6845312708295035,-2.157225719535587,-0.8963430096346627,1.595100000000299,-0.030999999987111337,1
1.775999999998021,-1.6006999999861993,-1.6825950742368168,-2.1551437216090736,-0.9003612041538469,1.5951000000003157,-0.030999999986463855,1
1.7839999999996508,-1.6006999999855376,-1.6806158184573796,-2.1530154220116096,-0.904468759530733,1.5951000000003326,-0.030999999985802162,1
1.7920000000012806,-1.6006999999848617,-1.6785935034911912,-2.150840820743193,-0.9086656757653202,1.5951000000003501,-0.03099999998512537,1
1.8000000000029104,-1.6006999999841707,-1.6765281293382532,-2.148619917803826,-0.9129519528576102,1.595100000000368,-0.030999999984435256,1
1.8080000000045402,-1.6006999999834655,-1.674419695998563,-2.1463527131935063,-0.9173275908076022,1.5951000000003859,-0.030999999983730042,1
1.81600000000617,-1.600699999982746,-1.6722682034721226,-2.1440392069122343,-0.921792589615297,1.5951000000004045,-0.03099999998300973,1
1.8240000000077998,-1.6006999999820115,-1.6700736517589316,-2.1416793989600116,-0.9263469492806928,1.5951000000004234,-0.030999999982276094,1
1.8320000000094296,-1.6006999999812628,-1.6678360408589903,-2.1392732893368365,-0.9309906698037915,1.5951000000004425,-0.03099999998152736,1
1.8400000000110595,-1.6006999999805007,-1.6655553707722976,-2.1368208780427107,-0.9357237511845922,1.5951000000004623,-0.030999999980765303,1
1.8479999999981374,-1.6006999999797227,-1.6632316414988537,-2.1343221650776325,-0.9405461934230948,1.5951000000004822,-0.030999999979988146,1
1.8559999999997672,-1.6006999999789313,-1.6608648530386603,-2.131777150441602,-0.9454579965192993,1.5951000000005024,-0.03099999997919589,1
1.864000000001397,-1.6006999999781257,-1.6584550053917146,-2.1291858341346206,-0.9504591604732067,1.5951000000005233,-0.030999999978390314,1
1.8720000000030268,-1.600699999977305,-1.6560020985580195,-2.1265482161566878,-0.9555496852848151,1.5951000000005444,-0.030999999977569637,1
1.8800000000046566,-1.6006999999764702,-1.653506132537573,-2.1238642965078025,-0.9607295709541264,1.5951000000005657,-0.03099999997673475,1
1.8880000000062864,-1.600699999975621,-1.6509671073303753,-2.1211340751879657,-0.9659988174811396,1.5951000000005877,-0.03099999997588565,1
1.8960000000079162,-1.6006999999747578,-1.648385022936428,-2.1183575521971774,-0.9713574248658547,1.59510000000061,-0.03099999997502234,1
1.904000000009546,-1.6006999999738794,-1.6457598793557295,-2.1155347275354375,-0.9768053931082719,1.5951000000006323,-0.030999999974143932,1
1.9120000000111759,-1.6006999999729867,-1.6430916765882797,-2.112665601202746,-0.9823427222083918,1.5951000000006554,-0.0309999999732522,1
1.9199999999982538,-1.60069999997208,-1.6403804146340795,-2.109750173199102,-0.9879694121662137,1.5951000000006788,-0.03099999997234537,1
1.9279999999998836,-1.6006999999711589,-1.6376260934931288,-2.106788443524507,-0.9936854629817375,1.5951000000007023,-0.030999999971423442,1
1.9360000000015134,-1.6006999999702227,-1.6348287131654278,-2.10378041217896,-0.9994908746549633,1.5951000000007265,-0.03099999997048819,1
1.9440000000031432,-1.6006999999692733,-1.6319882736509745,-2.1007260791624613,-1.005385647185891,1.595100000000751,-0.03099999996953784,1
1.952000000004773,-1.6006999999683087,-1.6291047749497718,-2.0976254444750104,-1.0113697805745208,1.5951000000007758,-0.030999999968574166,1
1.9600000000064028,-1.60069999996733,-1.6261782170618178,-2.094478508116609,-1.0174432748208533,1.5951000000008009,-0.030999999967595393,1
1.9680000000080327,-1.600699999966336,-1.6232085999871133,-2.091285270087255,-1.0236061299248878,1.5951000000008264,-0.03099999996660152,1
1.9760000000096625,-1.6006999999653289,-1.6201959237256576,-2.08804573038695,-1.0298583458866242,1.5951000000008524,-0.030999999965594327,1
1.9840000000112923,-1.6006999999643066,-1.6171401882774514,-2.084759889015693,-1.0361999227060625,1.5951000000008786,-0.030999999964572034,1
1.9919999999983702,-1.60069999996327,-1.6140413936424949,-2.0814277459734836,-1.0426308603832029,1.5951000000009052,-0.03099999996353553,1
2.0,-1.600699999962231,-1.610933812452921,-2.07808615472309,-1.0490800328231442,1.5951000000009319,-0.03099999996249636,1
2.00800000000163,-1.600699999961206,-1.6078687896579549,-2.0747903266403744,-1.0554408837008022,1.5951000000009583,-0.030999999961471403,1
2.0160000000032596,-1.6006999999601952,-1.6048468260497382,-2.07154080022861,-1.0617123737207583,1.5951000000009843,-0.030999999960460656,1
2.0240000000048894,-1.6006999999591986,-1.6018679216282727,-2.0683375754877975,-1.0678945028830125,1.5951000000010098,-0.03099999995946412,1
2.0320000000065193,-1.6006999999582163,-1.5989320763935577,-2.0651806524179364,-1.0739872711875647,1.5951000000010351,-0.030999999958482682,1
2.040000000008149,-1.600699999957249,-1.596039290345594,-2.0620700310190276,-1.079990678634414,1.59510000000106,-0.030999999957514568,1
2.048000000009779,-1.600699999956296,-1.5931895634843807,-2.0590057112910696,-1.0859047252235623,1.5951000000010844,-0.030999999956561552,1
2.055999999996857,-1.6006999999553573,-1.5903828958099187,-2.055987693234064,-1.0917294109550078,1.5951000000011086,-0.030999999955622748,1
2.0639999999984866,-1.6006999999544327,-1.5876192873222061,-2.053015976848009,-1.0974647358287513,1.5951000000011326,-0.030999999954699042,1
2.0720000000001164,-1.6006999999535232,-1.584898738021245,-2.0500905621329064,-1.1031106998447928,1.595100000001156,-0.03099999995378866,1
2.0800000000017462,-1.600699999952628,-1.582221247907035,-2.0472114490887563,-1.1086673030031315,1.595100000001179,-0.030999999952893376,1
2.088000000003376,-1.600699999951746,-1.5795868169795755,-2.044378637715557,-1.1141345453037683,1.5951000000012017,-0.030999999952012303,1
2.096000000005006,-1.60069999995088,-1.5769954452388664,-2.04159212801331,-1.119512426746704,1.5951000000012239,-0.03099999995114544,1
2.1040000000066357,-1.6006999999500273,-1.5744471326849085,-2.0388519199820143,-1.124800947331937,1.5951000000012459,-0.030999999950293677,1
2.1120000000082655,-1.6006999999491889,-1.571941879317702,-2.0361580136216704,-1.1300001070594679,1.5951000000012674,-0.030999999949455237,1
2.1200000000098953,-1.6006999999483655,-1.569479685137245,-2.033510408932278,-1.135109905929296,1.5951000000012885,-0.030999999948631896,1
2.127999999996973,-1.6006999977445595,-1.5670605481785147,-2.030909106128367,-1.1401303456249252,1.5951000000387752,-0.03099999774414819,1
2.135999999998603,-1.6006967196229729,-1.5646815661818732,-2.02835444317014,-1.1450638908928354,1.5951000557888506,-0.03099671861322406,1
2.144000000000233,-1.600677482156918,-1.5623316187833787,-2.025847862682048,-1.1499198337722705,1.595100382954896,-0.03097747522393135,1
2.1520000000018626,-1.6006288279356014,-1.5599991931738675,-2.023391203026258,-1.1547074394732961,1.5951012104032165,-0.03092880602192416,1
2.1600000000034925,-1.6005384087356536,-1.5576740539660179,-2.0209865042937913,-1.1594345277854288,1.5951027481364868,-0.03083835898180265,1
2.1680000000051223,-1.6003949467160554,-1.5553471884082075,-2.0186359903914397,-1.1641075445968045,1.595105187953697,-0.030694852790084326,1
2.176000000006752,-1.6001881956130495,-1.5530107515983707,-2.0163420511286834,-1.1687316334133602,1.595108704110101,-0.03048803802817801,1
2.184000000008382,-1.5999089019350672,-1.5506580116978492,-2.0141072243046114,-1.173310706878004,1.595113453977162,-0.03020865835535247,1
2.1920000000100117,-1.5995487661576444,-1.5482832951452483,-2.0119341777948296,-1.177847518289786,1.5951195787024994,-0.02984841169171215,1
2.1999999999970896,-1.599100403918344,-1.5458819318702925,-2.0098256916383868,-1.1823437331230835,1.595127203869836,-0.029399911401165824,1
2.2079999999987194,-1.5985573072116743,-1.5434502005076816,-2.007784640124685,-1.1868000005467625,1.5951364401589452,-0.028856647474399644,1
2.2160000000003492,-1.5979138055840103,-1.5409852736109428,-2.0058139738803966,-1.191216024943361,1.5951473840055963,-0.028212947711849345,1
2.224000000001979,-1.5971650273285132,-1.5384851628662872,-2.0039167019563893,-1.1955906374282588,1.5951601182615034,-0.027463938906671537,1
2.232000000003609,-1.5963068606800492,-1.5359486643064635,-2.002095873914631,-1.1999218673688556,1.5951747128542701,-0.026605508027715885,1
2.2400000000052387,-1.5953359150101107,-1.5333753035246147,-2.0003545619151133,-1.2042070139037397,1.5951912254473384,-0.025634263402496416,1
2.2480000000068685,-1.5942494820217386,-1.530765280888133,-1.9986958428027695,-1.2084427174618684,1.5952097020999334,-0.024547495900164584,1
2.2560000000084983,-1.5930454969444359,-1.52811941675251,-1.9971227801943865,-1.2126250312817373,1.5952301779270117,-0.023343140114480576,1
2.264000000010128,-1.5917224997290935,-1.525439096675199,-1.9956384065655257,-1.2167494929305605,1.5952526777592075,-0.022019735546782826,1
2.271999999997206,-1.5902795962429082,-1.522726216629465,-1.9942457053374376,-1.220811195823436,1.5952772168027798,-0.020576387788965533,1
2.279999999998836,-1.588716419464303,-1.5199831282182403,-1.9929475929639775,-1.2248048607425295,1.5953038012995584,-0.019012729706442855,1
2.2880000000004657,-1.5870330906778465,-1.5172125838879804,-1.9917469010185282,-1.2287249073562432,1.5953324291868918,-0.017328882621128194,1
2.2960000000020955,-1.5852301806691722,-1.5144176821425166,-1.990646358280907,-1.2325655257383907,1.5953630907575933,-0.01552541749440195,1
2.3040000000037253,-1.5833086709199016,-1.5116018127569149,-1.9896485728242936,-1.2363207478873726,1.595395769319888,-0.013603316110082808,1
2.312000000005355,-1.5812699148025597,-1.508768601991327,-1.9887560141021368,-1.2399845192453505,1.5954304418573593,-0.01156393225740171,1
2.320000000006985,-1.5791155987755001,-1.5059218578048474,-1.9879709950350781,-1.2435507702174204,1.5954670796888966,-0.009408952913974922,1
2.3280000000086147,-1.576847703577819,-1.503065515069367,-1.9872956540978652,-1.2470134876907881,1.5955056491286408,-0.0071403594287700045,1
2.3360000000102445,-1.5744684654242818,-1.5002035807834293,-1.9867319374062697,-1.2503667865539434,1.5955461121459322,-0.004760388705085106,1
2.3439999999973224,-1.5719803372002366,-1.4973400792860847,-1.9862815808040049,-1.2536049812158323,1.5955884270252572,-0.0022714943835158152,1
2.3519999999989523,-1.5693859496565397,-1.4944789974707433,-1.9859460919496401,-1.2567226571250352,1.5956325490261942,0.00032369197507211775,1
2.360000000000582,-1.5666880726044718,-1.4916242299990339,-1.9857267324035188,-1.2597147422889385,1.5956784310433614,0.0030223997065686077,1
2.368000000002212,-1.5638895761106602,-1.488779524514655,-1.9856244997146772,-1.262576578792908,1.5957260242663633,0.0058217578606502875,1
2.3760000000038417,-1.560993391691996,-1.4859484268572345,-1.9856401095077576,-1.265303994319467,1.5957752788397372,0.008718834017807157,1
2.3840000000054715,-1.5580024735105606,-1.4831342262761762,-1.9857739775699264,-1.2678933736674676,1.5958261445229005,0.0117106731063709,1
2.3920000000071013,-1.5549197595685342,-1.480339900644525,-1.9860262019377934,-1.2703417302712658,1.595878571350097,0.014794336219543281,1
2.400000000008731,-1.5517481329031302,-1.4775680616728142,-1.9863965449843235,-1.2726467777198929,1.595932510290344,0.017966939432423976,1
2.408000000010361,-1.5484903827815018,-1.4748209001229222,-1.9868844155057603,-1.2748070012762378,1.5959879139073796,0.02122569261903896,1
2.415999999997439,-1.5451491658956709,-1.4721001310219295,-1.9874888508085347,-1.2768217293962127,1.5960447370196083,0.02456793826936857,1
2.4239999999990687,-1.5417269675574445,-1.4694069388759727,-1.9882084987961894,-1.278691205247931,1.5961029373600488,0.02799119030637563,1
2.4320000000006985,-1.5382260628933349,-1.466741922884097,-1.9890416000562894,-1.2804166582308838,1.5961624762362805,0.03149317290303359,1
2.4400000000023283,-1.5346484780394807,-1.4641050421521147,-1.9899859699473446,-1.2820003754951088,1.5962233191903903,0.03507185929935479,1
2.448000000003958,-1.530995951336565,-1.4614955609064548,-1.9910389806857216,-1.28344577346037,1.5962854366589194,0.038725510619418285,1
2.456000000005588,-1.5272698945247365,-1.4589119937080266,-1.992197543432562,-1.2847574693353288,1.5963488046328103,0.042452714688398466,1
2.4640000000072177,-1.5234713539385316,-1.4563520506660659,-1.9934580903807024,-1.28594135263672,1.5964134053173529,0.0462524248495928,1
2.4720000000088476,-1.5196009717017898,-1.4538125826519934,-1.9948165568415837,-1.2870046567085245,1.5964792277921322,0.050123998781450005,1
2.4800000000104774,-1.515658946922577,-1.4512895265132704,-1.9962683633321774,-1.2879560302411441,1.5965462686709753,0.054067237314598615,1
2.4879999999975553,-1.5116449968881058,-1.4487778502872528,-1.9978083976618954,-1.2888056087905788,1.5966145327618964,0.058082423248874596,1
2.495999999999185,-1.5075583182596528,-1.4462714984150447,-1.999430997019508,-1.2895650862975945,1.596684033727046,0.06217036017034967,1
2.504000000000815,-1.50339754826748,-1.4437633369553557,-2.0011299300600633,-1.2902477866069049,1.596754794742656,0.0663324112683596,1
2.5120000000024447,-1.4991607259057558,-1.4412450987983547,-2.0028983789918016,-1.29086873498634,1.5968268491589872,0.07057053815253235,1
2.5200000000040745,-1.4948452531274743,-1.4387073288795253,-2.004728921663072,-1.2914447296460239,1.596900241160276,0.07488733966981585,1
2.5280000000057044,-1.4904478560393741,-1.4361393293935159,-2.006613513649252,-1.2919944132575472,1.596975026424681,0.07928609072150654,1
2.536000000007334,-1.4859645590057742,-1.4335291407091244,-2.0085434950905627,-1.2925382844136752,1.5970512725646906,0.08377076816739143,1
2.544000000008964,-1.4813922656856562,-1.4308679024931292,-2.01051260981283,-1.2930913654627494,1.597129032238887,0.08834446930184993,1
2.552000000010594,-1.4767306390136774,-1.4281546690718203,-2.0125201970490023,-1.2936552525954461,1.5972083111796413,0.09300753129401056,1
2.5599999999976717,-1.4719796789898378,-1.4253894404451977,-2.01456625679908,-1.2942299458117663,1.597289109386954,0.09775995414387326,1
2.5679999999993015,-1.4671393856141366,-1.4225722166132604,-2.016650789063064,-1.294815445111709,1.5973714268608248,0.10260173785143811,1
2.5760000000009313,-1.4622097588865746,-1.4197029975760094,-2.0187737938409533,-1.2954117504952745,1.5974552636012538,0.10753288241670506,1
2.584000000002561,-1.4571907988071526,-1.4167817833334446,-2.020935271132749,-1.2960188619624624,1.597540619608241,0.11255338783967409,1
2.592000000004191,-1.452082505375869,-1.4138085738855652,-2.0231352209384497,-1.296636779513273,1.5976274948817863,0.11766325412034528,1
2.6000000000058208,-1.4468848785927246,-1.410783369232373,-2.025373643258056,-1.297265503147706,1.59771588942189,0.12286248125871854,1
2.6080000000074506,-1.4415979184577186,-1.4077061693738653,-2.0276505380915673,-1.2979050328657626,1.5978058032285518,0.12815106925479391,1
2.6160000000090804,-1.4362216249708526,-1.4045769743100447,-2.029965905438985,-1.298555368667441,1.5978972363017718,0.13352901810857143,1
2.62400000001071,-1.4307559981321258,-1.4013957840409095,-2.032319745300309,-1.2992165105527427,1.5979901886415502,0.138996327820051,1
2.631999999997788,-1.4252010379415374,-1.3981625985664614,-2.034712057675538,-1.2998884585216661,1.5980846602478864,0.1445529983892327,1
2.639999999999418,-1.4195567443990882,-1.3948774178866987,-2.0371428425646716,-1.300571212574213,1.5981806511207812,0.15019902981611652,1
2.6480000000010477,-1.4138231175047782,-1.3915402420016214,-2.0396120999677123,-1.3012647727103825,1.5982781612602341,0.15593442210070244,1
2.6560000000026776,-1.4080001572586074,-1.3881510709112312,-2.0421198298846583,-1.3019691389301746,1.5983771906662452,0.1617591752429905,1
2.6640000000043074,-1.402087863660575,-1.3847099046155265,-2.0446660323155097,-1.3026843112335893,1.5984777393388143,0.16767328924298064,1
2.672000000005937,-1.3960862367106817,-1.381216743114507,-2.0472507072602664,-1.3034102896206265,1.5985798072779418,0.17367676410067287,1
2.680000000007567,-1.3899952764089285,-1.3776715864081748,-2.0498738547189284,-1.3041470740912873,1.5986833944836276,0.17976959981606727,1
2.688000000009197,-1.3838149827553137,-1.3740744344965279,-2.0525354746914974,-1.3048946646455697,1.5987885009558713,0.18595179638916373,1
2.6960000000108266,-1.377545355749838,-1.3704252873795673,-2.05523556717797,-1.3056530612834756,1.5988951266946736,0.1922233538199623,1
2.7039999999979045,-1.3711863953925008,-1.366724145057293,-2.05797413217835,-1.3064222640050032,1.5990032717000338,0.19858427210846305,1
2.7119999999995343,-1.3647381016833036,-1.3629710075297048,-2.060751169692635,-1.3072022728101542,1.5991129359719523,0.20503455125466583,1
2.720000000001164,-1.3582004746222447,-1.3591658747968012,-2.063566679720826,-1.3079930876989279,1.599224119510429,0.21157419125857074,1
2.728000000002794,-1.351573514209326,-1.3553087468585847,-2.0664206622629226,-1.3087947086713232,1.5993368223154638,0.2182031921201778,1
2.736000000004424,-1.3448572204445455,-1.3513996237150545,-2.0693131173189236,-1.309607135727342,1.599451044387057,0.22492155383948692,1
2.7440000000060536,-1.3380515933279034,-1.3474385053662097,-2.0722440448888317,-1.3104303688669843,1.5995667857252083,0.23172927641649815,1
2.7520000000076834,-1.3311566328594013,-1.3434253918120511,-2.075213444972645,-1.3112644080902482,1.5996840463299178,0.23862635985121156,1
2.7600000000093132,-1.3241723390390376,-1.3393602830525788,-2.078221317570364,-1.3121092533971348,1.5998028262011856,0.24561280414362702,1
2.768000000010943,-1.317098711866814,-1.3352431790877928,-2.081267662681988,-1.3129649047876448,1.5999231253390116,0.25268860929374454,1
2.775999999998021,-1.3099357513427288,-1.331074079917692,-2.084352480307518,-1.3138313622617765,1.6000449437433957,0.2598537753015643,1
2.7839999999996508,-1.3026834574667827,-1.3268529855422777,-2.0874757704469538,-1.3147086258195317,1.600168281414338,0.2671083021670861,1
2.7920000000012806,-1.2953474651135757,-1.3225831756600677,-2.0906351063717903,-1.3155960138462053,1.600293042521151,0.27444655328072554,1
2.8000000000029104,-1.2880507102485481,-1.318336203399098,-2.0937775441865902,-1.3164786555651506,1.6004171363273156,0.28174555482491764,1
2.80800000000454,-1.2808432887353822,-1.3141412263434429,-2.096881509487485,-1.3173504912004734,1.600539710866922,0.28895519551140786,1
2.81600000000617,-1.2737252005740771,-1.3099982444931006,-2.099947002274474,-1.3182115207521727,1.6006607661399699,0.29607547534019596,1
2.8240000000078,-1.266696445764632,-1.305907257848073,-2.102974022547558,-1.3190617442202495,1.6007803021464597,0.3031063943112818,1
2.8320000000094296,-1.2597570243070493,-1.3018682664083592,-2.105962570306737,-1.3199011616047036,1.6008983188863914,0.3100479524246657,1
2.8400000000110595,-1.2529069362013265,-1.297881270173959,-2.1089126455520084,-1.3207297729055352,1.601014816359765,0.31690014968034724,1
2.8479999999981374,-1.2461461814474655,-1.2939462691448735,-2.1118242482833756,-1.3215475781227441,1.6011297945665803,0.32366298607832694,1
2.855999999999767,-1.2394747600454643,-1.2900632633211018,-2.1146973785008365,-1.3223545772563305,1.6012432535068373,0.3303364616186043,1
2.864000000001397,-1.2328926719953248,-1.2862322527026429,-2.117532036204392,-1.3231507703062944,1.6013551931805363,0.3369205763011798,1
2.872000000003027,-1.2263999172970461,-1.2824532372894994,-2.1203282213940415,-1.3239361572726347,1.6014656135876768,0.3434153301260532,1
2.8800000000046566,-1.2199964959506282,-1.2787262170816698,-2.1230859340697865,-1.3247107381553533,1.6015745147282594,0.34982072309322415,1
2.8880000000062864,-1.213682407956072,-1.2750511920791539,-2.1258051742316244,-1.3254745129544485,1.6016818966022837,0.3561367552026933,1
2.8960000000079162,-1.2074576533133756,-1.2714281622819517,-2.128485941879557,-1.326227481669921,1.6017877592097496,0.3623634264544601,1
2.904000000009546,-1.201322232022541,-1.2678571276900632,-2.1311282370135842,-1.326969644301772,1.6018921025506574,0.368500736848525,1
2.912000000011176,-1.195276144083567,-1.2643380883034894,-2.133732059633706,-1.3277010008499985,1.601994926625007,0.37454868638488786,1
2.9199999999982538,-1.189319389496454,-1.2608710441222293,-2.1362974097399228,-1.3284215513146043,1.6020962314327984,0.38050727506354826,1
2.9279999999998836,-1.1834519682612017,-1.257455995146283,-2.138824287332233,-1.3291312956955856,1.6021960169740317,0.38637650288450687,1
2.9360000000015134,-1.1776738803778102,-1.2540929413756512,-2.1413126924106383,-1.3298302339929453,1.6022942832487068,0.39215636984776314,1
2.944000000003143,-1.1719851258462803,-1.2507818828103332,-2.143762624975137,-1.3305183662066824,1.6023910302568236,0.3978468759533175,1
2.952000000004773,-1.1663857046666113,-1.247522819450329,-2.1461740850257307,-1.331195692336796,1.6024862579983823,0.40344802120116957,1
2.960000000006403,-1.160875616838803,-1.2443157512956384,-2.148547072562419,-1.331862212383288,1.6025799664733826,0.4089598055913197,1
2.9680000000080327,-1.1554548623628547,-1.2411606783462625,-2.150881587585201,-1.3325179263461564,1.6026721556818249,0.4143822291237677,1
2.9760000000096625,-1.1501234412387689,-1.2380576006022004,-2.1531776300940777,-1.3331628342254032,1.6027628256237088,0.4197152917985134,1
2.9840000000112923,-1.144881353466543,-1.235006518063452,-2.155435200089049,-1.3337969360210256,1.6028519762990343,0.4249589936155572,1
2.99199999999837,-1.1397284264639378,-1.232007598960906,-2.157654728318107,-1.334419627505957,1.6029396106428586,0.4301135072102775,1
3.0,-1.1346621916179487,-1.2290633300235498,-2.1598424827923335,-1.3350220788701437,1.6030257706381703,0.4351813019557676,1
3.00800000000163,-1.1296788892264589,-1.2261778076070753,-2.16200841969831,-1.3355901232395881,1.60311052022514,0.44016613871176147,1
3.0160000000032596,-1.1247752935708615,-1.2233550297000653,-2.1641617224696237,-1.3361104810987214,1.6031939142626337,0.4450712441900677,1
3.0240000000048894,-1.1199487281179792,-1.2205988550703193,-2.166310729307029,-1.3365708740861963,1.6032759982696794,0.44989929574797016,1
3.0320000000065193,-1.1151970387296988,-1.217913002266008,-2.168462964076191,-1.3369599942813064,1.603356808881083,0.45465244818684625,1
3.040000000008149,-1.110518566872594,-1.2153010486168254,-2.1706251672054293,-1.3372674734903995,1.6034363743030444,0.45933236055078464,1
3.048000000009779,-1.1059121228275632,-1.2127664292351437,-2.1728033265834483,-1.3374838525332962,1.6035147147687736,0.46394022292520304,1
3.055999999996857,-1.1013769588994577,-1.21031243601717,-2.1750027084570913,-1.3376005505297046,1.6035918429941058,0.4684767832354665,1
3.0639999999984866,-1.0969127426267136,-1.2079422166440956,-2.17722788832907,-1.337609834185634,1.6036677646331194,0.4729423740455048,1
3.0720000000001164,-1.0925195299909811,-1.205658773583254,-2.179482781855711,-1.3375047870798147,1.6037424787337506,0.4773369393564309,1
3.0800000000017462,-1.0881977386267554,-1.2034649630892762,-2.1817706757446924,-1.3372792789501116,1.60381597819341,0.48166006140515827,1
3.088000000003376,-1.0839481210310105,-1.201363494205241,-2.1840942586527907,-1.3369279349799408,1.6038882502145984,0.48591098746301925,1
3.096000000005006,-1.0797717377728269,-1.19935692776383,-2.1864556520836143,-1.3364461050846845,1.6039592767605233,0.4900886566343827,1
3.1040000000066357,-1.0756699307030244,-1.197447675388485,-2.1888564412853473,-1.335829833198109,1.6040290350107147,0.4941917266552719,1
3.1120000000082655,-1.0716442961637904,-1.1956379984945604,-2.1912977061484913,-1.3350758265587777,1.6040974978166413,0.49821860069198265,1
3.1200000000098953,-1.0676966581983152,-1.1939300072904748,-2.1937800521036035,-1.33418142499647,1.6041646341573266,0.502167454139701,1
3.127999999996973,-1.0638290417604175,-1.19232565977887,-2.196303641019039,-1.333144570218595,1.6042304095949644,0.5060362614211209,1
3.135999999998603,-1.060043645924181,-1.1908267607577612,-2.198868222098689,-1.3319637750966082,1.6042947867305364,0.509822822785063,1
3.144000000000233,-1.0563428170935811,-1.1894349608216945,-2.2014731627797257,-1.3306380929524293,1.6043577256594264,0.5135247911050911,1
3.1520000000018626,-1.052729022212116,-1.1881517553628962,-2.204117479630339,-1.329167086844853,1.6044191844270377,0.5171396986781317,1
3.1600000000034925,-1.04920482197244,-1.1869784835724344,-2.2067998692474777,-1.3275507988559712,1.6044791194844084,0.5206649840230906,1
3.1680000000051223,-1.0457728440259926,-1.185916327441367,-2.209518739154592,-1.3257897193775845,1.6045374861438284,0.5240980186794713,1
3.176000000006752,-1.0424357561926296,-1.1849663107618964,-2.212272238699372,-1.3238847563976188,1.6045942390344543,0.5274361340059929,1
3.184000000008382,-1.0391962396702557,-1.1841292981285285,-2.2150582899514895,-1.3218372047865437,1.6046493325579267,0.5306766479792082,1
3.1920000000100117,-1.0360569622444507,-1.183405993939222,-2.2178746186003373,-1.3196487155837842,1.6047027213439853,0.533816891992121,1
3.1999999999970896,-1.0330205514981072,-1.1827969413965445,-2.220718784852772,-1.3173212652841428,1.6047543607060852,0.5368542376528047,1
3.2079999999987194,-1.0300895680210553,-1.1823025215088254,-2.223588214330853,-1.314857125124207,1.6048042070970139,0.5397861235830197,1
3.2160000000003492,-1.0272664786196977,-1.1819229520913144,-2.2264802289695815,-1.3122588303687737,1.6048522185645058,0.5426100822168314,1
3.224000000001979,-1.024553629526638,-1.1816582867673304,-2.229392077914645,-1.3095291495972594,1.6048983552068594,0.5453237665992283,1
3.232000000003609,-1.021953219610312,-1.181508413969417,-2.232320968420156,-1.3066710539901178,1.6049425796285537,0.5479249771847399,1
3.2400000000052387,-1.0194672735846222,-1.1814730559404998,-2.2352640967463895,-1.3036876866152562,1.6049848573958625,0.550411688636054,1
3.2480000000068685,-1.0170976152185602,-1.1815517677350371,-2.23821867905753,-1.3005823317144527,1.6050251574924728,0.5527820766226356,1
3.2560000000084983,-1.0148458405458474,-1.181743936220177,-2.2411819823194055,-1.297358383989767,1.605063452775099,0.5550345446193439,1
3.264000000010128,-1.0127132910745615,-1.1820487790769079,-2.244151355197234,-1.2940193178899637,1.6050997204291004,0.5571677507050505,1
3.271999999997206,-1.010701026996764,-1.1824653438012156,-2.247124258953356,-1.2905686568969212,1.6051339424240958,0.5591806343612579,1
3.279999999998836,-1.0088098003981374,-1.1829925067052383,-2.2500982983449873,-1.2870099428120536,1.6051661059695812,0.5610724432707161,1
3.2880000000004657,-1.0070400284676122,-1.1836289719184183,-2.2530712525219485,-1.28334670504272,1.6051962039705445,0.5628427601160421,1
3.2960000000020955,-1.0053917667069978,-1.1843732703886571,-2.2560411059244077,-1.279582429888647,1.6052242354830826,0.5644915293783361,1
3.3040000000037253,-1.003864682140617,-1.1852237588834704,-2.259006079180627,-1.2757205298283418,1.6052502061700167,0.5660190841358008,1
3.312000000005355,-1.0024580265249314,-1.1861786189911392,-2.261964660004697,-1.271764312805507,1.6052741287565089,0.5674261728623586,1
3.320000000006985,-1.0011706095581765,-1.1872358561218714,-2.2649156340942795,-1.2677169515154576,1.6052960234856783,0.5687139862262696,1
3.3280000000086147,-1.0000007720899893,-1.188393298508947,-2.267858116028348,-1.2635814526915379,1.6053159185742165,0.5698841838887498,1
3.3360000000102445,-0.998946359331045,-1.189648596209878,-2.2707915801649294,-1.2593606263915342,1.6053338506680046,0.5709389213025883,1
3.3439999999973224,-0.9980046940626792,-1.1909992201075612,-2.273715891538842,-1.2550570552840963,1.605349865297728,0.5718808765107661,1
3.3519999999989523,-0.9971725498465274,-1.1924424609114315,-2.2766313367594364,-1.250673063935146,1.6053640173344943,0.5727132769450732,1
3.360000000000582,-0.9964461242341498,-1.193975428158618,-2.2795386549083423,-1.2462106880943011,1.6053763714454474,0.5734399262247272,1
3.368000000002212,-0.9958210119766653,-1.195595049215095,-2.2824390684371973,-1.2416716439812845,1.605387002549385,0.5740652309549904,1
3.3760000000038417,-0.9952921782343811,-1.197298068276842,-2.2853343140653997,-1.2370572975723428,1.605395996272374,0.5745942275257886,1
3.3840000000054715,-0.9948539317864231,-1.199081045370992,-2.2882266736778396,-1.2323686338866642,1.6054034494033669,0.5750326089103281,1
3.3920000000071013,-0.9944998982403703,-1.2009403553569866,-2.2911190052226456,-1.2276062262727914,1.6054094703498178,0.5753867514637145,1
3.400000000008731,-0.9942229932418805,-1.202872186927734,-2.2940147736089225,-1.2227702056950376,1.6054141795932986,0.57566374172157,1
3.408000000010361,-0.9940153956843245,-1.2048725416107606,-2.296918081604493,-1.2178602300199053,1.6054177101451144,0.5758714031986509,1
3.415999999997439,-0.9938685209184168,-1.2069372327693646,-2.299833700733638,-1.2128754533024981,1.6054202080019206,0.5760183231874668,1
3.4239999999990687,-0.9937729939618452,-1.2090618846037708,-2.302767102174835,-1.2078144950729417,1.6054218326013383,0.5761138795568974,1
3.4320000000006985,-0.9937186227089025,-1.211241931152287,-2.3057244876585035,-1.2026754096227945,1.6054227572775706,0.5761682675508106,1
3.4400000000023283,-0.9936943711401174,-1.2134726152924529,-2.3087128203647413,-1.1974556552914661,1.605423169717019,0.576192526586681,1
3.448000000003958,-0.9936883325318862,-1.2157489877422014,-2.311739855821067,-1.1921520637526335,1.6054232724138984,0.5761985670542067,1
3.456000000005588,-0.9936881793401318,-1.2180660910650802,-2.3148138448898945,-1.1867609667024075,1.6054232750191924,0.5761987202931289,1
3.4640000000072177,-0.9936881793412073,-1.2204216631266664,-2.3179386812609284,-1.1812805582698251,1.6054232750191846,0.5761987202920523,1
3.4720000000088476,-0.9936881793423016,-1.2228156439934335,-2.3211144696844834,-1.1757107889795417,1.6054232750191768,0.5761987202909583,1
3.4800000000104774,-0.9936881793434118,-1.2252480336653822,-2.324341210160559,-1.1700516588315555,1.6054232750191686,0.5761987202898466,1
3.4879999999975553,-0.9936881793445407,-1.2277188321425117,-2.3276189026891565,-1.1643031678258673,1.6054232750191604,0.5761987202887175,1
3.495999999999185,-0.9936881793456864,-1.2302280394248237,-2.330947547270275,-1.1584653159624763,1.6054232750191522,0.5761987202875708,1
3.504000000000815,-0.9936881793468508,-1.2327756555123166,-2.3343271439039146,-1.1525381032413833,1.6054232750191437,0.5761987202864065,1
3.5120000000024447,-0.9936881793480312,-1.235361680404992,-2.337757692590075,-1.1465215296625892,1.6054232750191353,0.5761987202852247,1
3.5200000000040745,-0.9936881793492303,-1.2379861141028483,-2.341239193328757,-1.1404155952260924,1.6054232750191264,0.5761987202840253,1
3.5280000000057044,-0.9936881793504462,-1.2406489566058863,-2.34477164611996,-1.1342202999318935,1.6054232750191177,0.5761987202828084,1
3.536000000007334,-0.9936881793516807,-1.2433502079141059,-2.348355050963684,-1.1279356437799928,1.6054232750191086,0.5761987202815739,1
3.544000000008964,-0.9936881793529313,-1.2460898680275072,-2.3519894078599295,-1.12156162677039,1.6054232750190998,0.5761987202803219,1
3.552000000010594,-0.9936881793541996,-1.248865315193215,-2.355671238864262,-1.1151043486003926,1.6054232750190904,0.5761987202790535,1
3.5599999999976717,-0.9936881793554591,-1.2516233143937718,-2.3593299238833834,-1.1086876643807582,1.6054232750190813,0.5761987202777932,1
3.5679999999993015,-0.9936881793567016,-1.254342904789147,-2.362937656849983,-1.1023603410188265,1.6054232750190722,0.5761987202765502,1
3.5760000000009313,-0.9936881793579264,-1.2570240863793414,-2.3664944377640618,-1.096122378514596,1.6054232750190636,0.5761987202753249,1
3.584000000002561,-0.9936881793591334,-1.2596668591643532,-2.370000266625619,-1.0899737768680682,1.6054232750190547,0.5761987202741171,1
3.592000000004191,-0.9936881793603227,-1.2622712231441842,-2.373455143434655,-1.0839145360792424,1.6054232750190462,0.576198720272927,1
3.6000000000058208,-0.9936881793614951,-1.2648371783188335,-2.3768590681911705,-1.0779446561481185,1.6054232750190376,0.5761987202717542,1
3.6080000000074506,-0.9936881793626489,-1.267364724688301,-2.3802120408951644,-1.0720641370746966,1.6054232750190292,0.5761987202705992,1
3.6160000000090804,-0.9936881793637866,-1.269853862252588,-2.383514061546637,-1.0662729788589775,1.605423275019021,0.5761987202694616,1
3.62400000001071,-0.9936881793649057,-1.2723045910116921,-2.3867651301455886,-1.0605711815009595,1.6054232750190127,0.5761987202683416,1
3.631999999997788,-0.9936881793660071,-1.2747169109656156,-2.389965246692019,-1.0549587450006443,1.605423275019005,0.5761987202672392,1
3.639999999999418,-0.9936881793670915,-1.2770908221143564,-2.3931144111859286,-1.0494356693580311,1.605423275018997,0.5761987202661543,1
3.6480000000010477,-0.9936881793681582,-1.2794263244579165,-2.3962126236273162,-1.0440019545731207,1.6054232750189894,0.576198720265087,1
3.6560000000026776,-0.9936881793692081,-1.2817234179962949,-2.3992598840161836,-1.0386576006459114,1.6054232750189819,0.5761987202640372,1
3.6640000000043074,-0.9936881793702392,-1.2839821027294915,-2.4022561923525294,-1.033402607576404,1.6054232750189743,0.5761987202630049,1
3.672000000005937,-0.9936881793712535,-1.2862023786575065,-2.405201548636354,-1.0282369753645995,1.6054232750189668,0.5761987202619903,1
3.680000000007567,-0.9936881793722501,-1.2883842457803407,-2.408095952867657,-1.0231607040104969,1.6054232750189597,0.5761987202609931,1
3.688000000009197,-0.9936881793732288,-1.2905277040979932,-2.41093940504644,-1.0181737935140962,1.6054232750189525,0.5761987202600136,1
3.6960000000108266,-0.9936881793741907,-1.2926327536104631,-2.4137319051727006,-1.0132762438753984,1.6054232750189454,0.5761987202590516,1
3.7039999999979045,-0.993688179375134,-1.2946993943177523,-2.416473453246441,-1.0084680550944016,1.6054232750189388,0.576198720258107,1
3.7119999999995343,-0.9936881793760612,-1.2967276262198597,-2.4191640492676596,-1.0037492271711077,1.6054232750189321,0.5761987202571802,1
3.720000000001164,-0.9936881793769698,-1.2987174493167855,-2.4218036932363574,-0.9991197601055157,1.6054232750189255,0.5761987202562707,1
3.728000000002794,-0.9936881793778607,-1.3006688636085304,-2.424392385152534,-0.9945796538976257,1.605423275018919,0.576198720255379,1
3.736000000004424,-0.9936881793787347,-1.3025818690950928,-2.4269301250161894,-0.9901289085474376,1.6054232750189126,0.5761987202545048,1
3.7440000000060536,-0.9936881793795909,-1.3044564657764743,-2.4294169128273237,-0.9857675240549515,1.6054232750189064,0.576198720253648,1
3.7520000000076834,-0.9936881793804293,-1.3062926536526733,-2.4318527485859365,-0.9814955004201682,1.6054232750189004,0.5761987202528089,1
3.7600000000093132,-0.9936881793812509,-1.3080904327236915,-2.4342376322920285,-0.9773128376430869,1.6054232750188944,0.5761987202519873,1
3.768000000010943,-0.9936881793820547,-1.309849802989529,-2.4365715639455994,-0.9732195357237075,1.6054232750188886,0.5761987202511832,1
3.775999999998021,-0.9936881793828407,-1.3115707644501828,-2.4388545435466487,-0.96921559466203,1.6054232750188828,0.5761987202503968,1
3.7839999999996508,-0.993688179383609,-1.3132533171056568,-2.4410865710951772,-0.9653010144580545,1.6054232750188773,0.5761987202496278,1
3.7920000000012806,-0.9936881793843604,-1.3148974609559492,-2.4432676465911847,-0.9614757951117809,1.605423275018872,0.5761987202488765,1
3.8000000000029104,-0.9936881793850931,-1.316503196001059,-2.4453977700346705,-0.9577399366232102,1.6054232750188664,0.5761987202481427,1
3.80800000000454,-0.993688179385809,-1.3180705222409879,-2.4474769414256357,-0.9540934389923414,1.6054232750188613,0.5761987202474264,1
3.81600000000617,-0.993688179386508,-1.3195994396757351,-2.449505160764079,-0.9505363022191746,1.6054232750188562,0.5761987202467276,1
3.8240000000078,-0.9936881793871883,-1.3210899483052998,-2.451482428050002,-0.9470685263037097,1.6054232750188513,0.5761987202460465,1
3.8320000000094296,-0.9936881793878518,-1.3225420481296846,-2.4534087432834033,-0.9436901112459477,1.6054232750188466,0.5761987202453829,1
3.8400000000110595,-0.9936881793884975,-1.3239557391488876,-2.4552841064642834,-0.9404010570458867,1.605423275018842,0.5761987202447367,1
3.8479999999981374,-0.9936881793891255,-1.3253310213629081,-2.457108517592643,-0.9372013637035286,1.6054232750188373,0.5761987202441083,1
3.855999999999767,-0.9936881793897365,-1.3266678947717478,-2.4588819766684806,-0.9340910312188724,1.6054232750188329,0.5761987202434973,1
3.864000000001397,-0.9936881793903289,-1.327966359375405,-2.4606044836917977,-0.9310700595919181,1.6054232750188286,0.576198720242904,1
3.872000000003027,-0.9936881793909045,-1.3292264151738813,-2.4622760386625933,-0.9281384488226667,1.6054232750188242,0.5761987202423281,1
3.8800000000046566,-0.9936881793914623,-1.3304480621671768,-2.4638966415808676,-0.9252961989111164,1.6054232750188202,0.5761987202417698,1
3.8880000000062864,-0.9936881793920032,-1.3316313003552889,-2.465466292446621,-0.9225433098572688,1.6054232750188164,0.5761987202412291,1
3.8960000000079162,-0.9936881793925263,-1.332776129738221,-2.4669849912598534,-0.9198797816611233,1.6054232750188127,0.5761987202407058,1
3.904000000009546,-0.9936881793930317,-1.3338825503159715,-2.4684527380205643,-0.9173056143226797,1.605423275018809,0.5761987202402002,1
3.912000000011176,-0.9936881793935193,-1.3349505620885393,-2.4698695327287545,-0.914820807841938,1.6054232750188056,0.5761987202397122,1
3.9199999999982538,-0.9936881793939891,-1.3359801650559273,-2.4712353753844227,-0.9124253622188983,1.6054232750188022,0.5761987202392416,1
3.9279999999998836,-0.9936881793944421,-1.3369713592181318,-2.47255026598757,-0.9101192774535614,1.605423275018799,0.5761987202387886,1
3.9360000000015134,-0.9936881793948773,-1.3379241445751564,-2.473814204538197,-0.9079025535459264,1.6054232750187956,0.5761987202383532,1
3.944000000003143,-0.9936881793952947,-1.3388385211269984,-2.4750271910363018,-0.9057751904959925,1.6054232750187925,0.5761987202379353,1
3.952000000004773,-0.9936881793956953,-1.3397144888736587,-2.4761892254818862,-0.9037371883037624,1.6054232750187896,0.5761987202375349,1
3.960000000006403,-0.9936881793960781,-1.3405520478151383,-2.477300307874949,-0.9017885469692333,1.605423275018787,0.5761987202371522,1
3.9680000000080327,-0.9936881793964432,-1.341351197951436,-2.4783604382154905,-0.899929266492407,1.6054232750187842,0.576198720236787,1
3.9760000000096625,-0.9936881793967904,-1.3421119392825513,-2.4793696165035115,-0.8981593468732818,1.6054232750187818,0.5761987202364393,1
3.9840000000112923,-0.99368817939712,-1.3428342718084867,-2.4803278427390105,-0.8964787881118594,1.6054232750187793,0.5761987202361092,1
3.99199999999837,-0.9936881793974326,-1.3435181955292386,-2.4812351169219893,-0.894887590208139,1.6054232750187771,0.5761987202357967,1
4.0,-0.9936881793977275,-1.3441637104448105,-2.482091439052446,-0.8933857531621214,1.605423275018775,0.5761987202355017,1
4.00800000000163,-0.9936881793980046,-1.3447708165552008,-2.482896809130382,-0.8919732769738049,1.605423275018773,0.5761987202352242,1
4.01600000000326,-0.9936881793982648,-1.3453395138604085,-2.483651227155797,-0.8906501616431912,1.605423275018771,0.5761987202349643,1
4.024000000004889,-0.9936881793985064,-1.3458698023604354,-2.4843546931286906,-0.8894164071702786,1.6054232750187694,0.576198720234722,1
4.032000000006519,-0.9936881793987311,-1.3463616820552797,-2.485007207049063,-0.8882720135550688,1.6054232750187676,0.5761987202344971,1
4.040000000008149,-0.9936881793989389,-1.3468151529449433,-2.485608768916914,-0.887216980797561,1.6054232750187662,0.57619872023429,1
4.048000000009779,-0.9936881793991281,-1.347230215029426,-2.4861593787322445,-0.8862513088977559,1.605423275018765,0.5761987202341003,1
4.055999999996857,-0.9936881793993004,-1.3476068683087261,-2.486659036495053,-0.885374997855652,1.6054232750187636,0.576198720233928,1
4.063999999998487,-0.993688179399455,-1.3479451127828455,-2.487107742205341,-0.8845880476712509,1.6054232750187623,0.5761987202337736,1
4.072000000000116,-0.9936881793995918,-1.3482449484517822,-2.4875054958631084,-0.8838904583445517,1.6054232750187614,0.5761987202336365,1
4.080000000001746,-0.9936881793997108,-1.3485063753155382,-2.4878522974683537,-0.8832822298755545,1.6054232750187605,0.576198720233517,1
4.088000000003376,-0.9936881793998129,-1.3487293933741125,-2.488148147021078,-0.8827633622642592,1.6054232750187598,0.5761987202334151,1
4.096000000005006,-0.9936881793998973,-1.348914002627505,-2.4883930445212807,-0.8823338555106668,1.6054232750187591,0.5761987202333307,1
4.104000000006636,-0.9936881793999639,-1.349060203075716,-2.488586989968963,-0.8819937096147754,1.6054232750187587,0.576198720233264,1
4.1120000000082655,-0.9936881794000136,-1.349167994718746,-2.488729983364124,-0.8817429245765869,1.6054232750187585,0.5761987202332146,1
4.120000000009895,-0.9936881794000447,-1.3492373775565945,-2.4888220247067636,-0.8815815003961003,1.6054232750187583,0.576198720233183,1
4.127999999996973,-0.9936881794000589,-1.3492683515892603,-2.488863113996882,-0.8815094370733156,1.605423275018758,0.5761987202331688,1
